feature,importance,mean,std,min,max
t053_y_max,0.00897388434604887,0.6143618493761118,0.40485174251783196,0.0,1.0
t052_y_mean,0.008422977107274975,0.6050469480380712,0.40326687429515395,0.0,1.0
t050_y_mean,0.00827925299941372,0.5871922027067359,0.39807395551660263,0.0,1.0
t054_y_min,0.007641916476611408,0.6242593206067298,0.4054971112178286,0.0,1.0
t050_y_max,0.0075117029510271315,0.5871922046453525,0.39807395682751506,0.0,1.0
t050_y_min,0.007431483469500561,0.5871922046453525,0.39807395682751506,0.0,1.0
t059_cumulative_distance,0.00727197029030621,2.647700809482559,0.690173353982985,1.0,5.123194694519043
t058_y_mean,0.007113177587826323,0.6670170915160937,0.41112859060640417,0.0,1.0
t056_y_max,0.00696655275258028,0.6446073718001673,0.40745178917799524,0.0,1.0
t037_y_min,0.006826251040712338,0.48769134566766686,0.36553839114449027,0.0,1.0
t028_y_min,0.006504972462264743,0.37351859844469676,0.3549821119230234,0.0,1.0
t058_stroke_length,0.006092584564432227,2.5627111348497915,0.6739150597639838,1.0,5.123194694519043
t059_stroke_length,0.0060586350131037955,2.647700809482559,0.690173353982985,1.0,5.123194694519043
t048_y_mean,0.006056055564004072,0.5743708929993153,0.39327622762528963,0.0,1.0
t023_y_mean,0.0059114470515070705,0.33810971261649597,0.3516035432380073,0.0,1.0
t054_y_mean,0.005885113265443496,0.6242593206615518,0.4054971102542271,0.0,1.0
t025_y_mean,0.005789639350690508,0.3450120124901901,0.34810055098855897,0.0,1.0
t025_y_min,0.005697150224532705,0.34501201202851756,0.3481005497464256,0.0,1.0
t033_y_min,0.005638544662029043,0.43785369113751826,0.36379784266349974,0.0,1.0
t052_y_min,0.0055537684917073655,0.6050469484391707,0.40326687488615504,0.0,1.0
t052_y_max,0.0054831738079799165,0.6050469484391707,0.40326687488615504,0.0,1.0
t047_y_max,0.005470545137013535,0.5675312941211212,0.39005096035259496,0.0,1.0
t027_y_min,0.00539903850524698,0.3639709360933718,0.35326265308910176,0.0,1.0
t054_y_max,0.005383627687625076,0.6242593206067298,0.4054971112178286,0.0,1.0
t051_y_mean,0.00530753932722923,0.5973168023186644,0.4024393888986351,0.0,1.0
t046_y_mean,0.005239093508615164,0.558804697880848,0.3865058131334925,0.0,1.0
t026_y_mean,0.005148712782643062,0.3489398560821602,0.3489610779080279,0.0,1.0
t044_y_max,0.005141542425673156,0.5428963991129712,0.37968748400694435,0.0,1.0
t051_y_max,0.005104117408538758,0.5973168009521062,0.40243938770132914,0.0,1.0
t026_y_min,0.005096782081080164,0.3489398563760277,0.3489610780149585,0.0,1.0
t053_y_min,0.00503650581723403,0.6143618493761118,0.40485174251783196,0.0,1.0
t042_y_max,0.005020422368680701,0.5265884402326765,0.3711202474094109,0.0,1.0
t059_stroke_progress,0.00497750567551831,2.647700809482559,0.690173353982985,1.0,5.123194694519043
t049_y_max,0.0049770586398791465,0.578939346783698,0.3951744916687537,0.0,1.0
t048_y_min,0.004927837100983151,0.5743708931269547,0.3932762285082781,0.0,1.0
t056_stroke_progress,0.004791099079207524,2.4530687297957825,0.683531140286098,0.8460401892662048,4.793737888336182
t056_y_mean,0.004788159706404815,0.644607371285157,0.4074517878389976,0.0,1.0
t057_stroke_progress,0.004763394577259934,2.528871604740857,0.6792274443509829,1.0,4.793737888336182
t022_y_mean,0.004745232776734924,0.3420841372145184,0.3566557302716688,0.0,1.0
t047_y_min,0.004736170580580562,0.5675312941211212,0.39005096035259496,0.0,1.0
t040_y_max,0.004733132199602551,0.5103943373636896,0.36641891691328726,0.0,1.0
t057_y_mean,0.004714146009835213,0.6601086601299564,0.41040170646708,0.0,1.0
t036_y_max,0.00470850534895342,0.4740432587405852,0.36475048242182806,0.0,1.0
t058_cumulative_distance,0.004642967875237459,2.5627111348497915,0.6739150597639838,1.0,5.123194694519043
t051_y_min,0.00448722898199506,0.5973168009521062,0.40243938770132914,0.0,1.0
t057_y_max,0.004461088611762402,0.6601086600297743,0.41040170671759313,0.0,1.0
t037_y_max,0.004412449001932906,0.48769134566766686,0.36553839114449027,0.0,1.0
t053_y_mean,0.004298828813411066,0.614361849755969,0.4048517421258784,0.0,1.0
t034_y_max,0.004269713350666795,0.4498963838933867,0.3630436164692026,0.0,1.0
t035_y_mean,0.004243021306633046,0.4649360688906942,0.36455461189224886,0.0,1.0
t026_y_max,0.004229360992076671,0.3489398563760277,0.3489610780149585,0.0,1.0
t059_y_min,0.00422203485307695,0.6759374802768884,0.4074497105752291,0.0097751710563898,1.0
t048_y_max,0.004128075005585266,0.5743708931269547,0.3932762285082781,0.0,1.0
t024_y_min,0.00406459252422812,0.3454353129650759,0.35232484448979573,0.0,1.0
t031_y_max,0.004014053285373391,0.41037126282959124,0.36131824967414516,0.0,1.0
t029_y_mean,0.003996772695250272,0.3792206306631985,0.35707450688965414,0.0,1.0
t055_y_min,0.003907809963920672,0.6329422491107255,0.40619787765463217,0.0,1.0
t045_y_mean,0.003880397189571688,0.55327412616276,0.38359652664808147,0.0,1.0
t036_y_mean,0.003878074392487617,0.47404326054247176,0.36475048430377693,0.0,1.0
t056_cumulative_distance,0.0038779375942541027,2.4530687297957825,0.683531140286098,0.8460401892662048,4.793737888336182
t055_y_max,0.0038562311960520157,0.6329422491107255,0.40619787765463217,0.0,1.0
t036_y_min,0.00383598334035408,0.4740432587405852,0.36475048242182806,0.0,1.0
t032_y_min,0.003822497610134458,0.42559586489745654,0.3618312520125713,0.0,1.0
t049_y_mean,0.0038174674454747016,0.578939345580585,0.3951744904587061,0.0,1.0
t055_y_mean,0.0038089987915469786,0.6329422499281373,0.40619787728129986,0.0,1.0
t039_y_mean,0.0036664553636902458,0.5050066262199747,0.36553669637841424,0.0,1.0
t024_y_max,0.0036546366860784477,0.3454353129650759,0.35232484448979573,0.0,1.0
t041_y_mean,0.0036040735744482027,0.520298792002166,0.36940533112767315,0.0,1.0
t057_y_min,0.0035789077899049384,0.6601086600297743,0.41040170671759313,0.0,1.0
t029_y_max,0.0035696601498910853,0.37922063120900545,0.35707450731349766,0.0,1.0
t001_y_max,0.0035536290172033733,0.15298654023535638,0.200954941753578,0.0,0.9774266481399536
t058_y_max,0.0035474060152958617,0.6670170904972045,0.4111285901306995,0.0,1.0
t028_x_mean,0.0035351691748822826,0.6253774203712573,0.32861225503251745,0.0,1.0
t038_y_max,0.0034895434249952785,0.4977670638679167,0.36654571625350285,0.0,1.0
t033_y_max,0.0034776297461545647,0.43785369113751826,0.36379784266349974,0.0,1.0
t027_y_max,0.003472430315104506,0.3639709360933718,0.35326265308910176,0.0,1.0
t032_y_max,0.0034526289627434354,0.42559586489745654,0.3618312520125713,0.0,1.0
t024_y_mean,0.0034459231375914006,0.3454353139050253,0.35232484643979034,0.0,1.0
t058_y_min,0.0034253644839099253,0.6670170904972045,0.4111285901306995,0.0,1.0
t033_x_mean,0.0034223965433831404,0.6265132243310907,0.3043544791914118,0.0,1.0
t039_y_max,0.0034217241759118325,0.505006625992617,0.36553669673112765,0.0,1.0
t028_x_min,0.003399019299786194,0.6253774205378565,0.32861225458048077,0.0,1.0
t021_y_mean,0.003397893947582339,0.3488130942300571,0.36128757994865857,0.0,1.0
t023_y_max,0.0033734377096085112,0.33810971170576637,0.3516035416022432,0.0,1.0
t042_y_min,0.003372875444908898,0.5265884402326765,0.3711202474094109,0.0,1.0
t028_y_mean,0.003307564833243257,0.3735185973791487,0.3549821108830338,0.0,1.0
t028_y_max,0.0032360439595711036,0.37351859844469676,0.3549821119230234,0.0,1.0
t055_cumulative_distance,0.0032225660734757386,2.395355211643584,0.6813854672709274,0.8460401892662048,4.702391147613525
t045_y_min,0.0032182542149921927,0.5532741255863417,0.38359652642495295,0.0,1.0
t046_y_max,0.003201557990171818,0.5588046980672979,0.3865058142234849,0.0,1.0
t025_y_max,0.0031534702264744497,0.34501201202851756,0.3481005497464256,0.0,1.0
t028_x_max,0.0031466065068669028,0.6253774205378565,0.32861225458048077,0.0,1.0
t054_stroke_progress,0.003126713090874718,2.3442893751114013,0.677138550756727,0.8460401296615601,4.672733783721924
t055_stroke_length,0.0031163860467186997,2.395355211643584,0.6813854672709274,0.8460401892662048,4.702391147613525
t059_y_mean,0.003069396420248217,0.6759374805188096,0.40744971098143756,0.0097751719877123,1.0
t058_stroke_progress,0.0030532504754393923,2.5627111348497915,0.6739150597639838,1.0,5.123194694519043
t035_y_max,0.003048445198322902,0.4649360664922603,0.3645546100001688,0.0,1.0
t022_y_max,0.003021757836054063,0.34208413707008917,0.3566557297225621,0.0,1.0
t021_y_max,0.003011724454130705,0.3488130926453245,0.3612875779141436,0.0,1.0
t001_x_min,0.0030015372198847192,0.5135284397528466,0.3594701888550283,0.0,1.0
t034_y_mean,0.0029712524978444347,0.4498963862585193,0.363043618606734,0.0,1.0
t056_stroke_length,0.002964706573167587,2.4530687297957825,0.683531140286098,0.8460401892662048,4.793737888336182
t004_x_max,0.0029465506099362456,0.5171609209739118,0.35654490251933535,0.0,1.0
t055_stroke_progress,0.0029313441636432385,2.395355211643584,0.6813854672709274,0.8460401892662048,4.702391147613525
t049_y_min,0.0029138073894176,0.578939346783698,0.3951744916687537,0.0,1.0
t057_cumulative_distance,0.0029122707032434142,2.528871604740857,0.6792274443509829,1.0,4.793737888336182
t003_x_mean,0.0027917983845659623,0.5147950004496838,0.3574330660387237,0.0,1.0
t033_x_max,0.002786067237727392,0.6265132258349354,0.3043544804259379,0.0,1.0
t029_y_min,0.002781703527420358,0.37922063120900545,0.35707450731349766,0.0,1.0
t044_y_min,0.002760674185420817,0.5428963991129712,0.37968748400694435,0.0,1.0
t053_stroke_progress,0.0027499296726396,2.293787777898796,0.6690761526077407,0.5870339274406433,4.630758762359619
t041_y_max,0.002743846698783686,0.520298793383566,0.3694053325116905,0.0,1.0
t001_x_mean,0.002725004287032684,0.5135284415572378,0.35947019005103337,0.0,1.0
t037_y_mean,0.002706227162358648,0.48769134610707676,0.3655383912993909,0.0,1.0
t046_y_min,0.002691063501952885,0.5588046980672979,0.3865058142234849,0.0,1.0
t025_x_min,0.002688498430763077,0.610082472644494,0.33416446158786584,0.0,1.0
t023_y_min,0.0026743137189159092,0.33810971170576637,0.3516035416022432,0.0,1.0
t056_y_min,0.002630135565210697,0.6446073718001673,0.40745178917799524,0.0,1.0
t033_y_mean,0.002608350138319646,0.43785369257438944,0.36379784452485847,0.0,1.0
t001_x_max,0.0026066814848294366,0.5135284397528466,0.3594701888550283,0.0,1.0
t002_x_max,0.002605326647472478,0.5141802362318474,0.3589982919346051,0.0,1.0
t032_y_mean,0.002554096855056077,0.42559586677781913,0.3618312540820902,0.0,1.0
t042_y_mean,0.0025068196046564087,0.5265884401748863,0.3711202473421415,0.0,1.0
t059_y_max,0.0024995035831999143,0.6759374802768884,0.4074497105752291,0.0097751710563898,1.0
t052_x_max,0.0024903241898984406,0.5096634970206129,0.3044665993092318,0.0,1.0
t053_x_mean,0.002477992186151916,0.4692208001330732,0.3082552964059686,0.0,1.0
t039_y_min,0.0024691777006608587,0.505006625992617,0.36553669673112765,0.0,1.0
t027_stroke_progress,0.002466101111384071,1.2702098047915618,0.6141934307461139,0.0,2.739521026611328
t038_y_mean,0.0024442154782205717,0.4977670644984146,0.36654571616814424,0.0,1.0
t021_y_min,0.0024386489829652668,0.3488130926453245,0.3612875779141436,0.0,1.0
t007_y_min,0.002432943828712003,0.21165815508058036,0.2499771752777589,0.0,1.0
t026_cumulative_distance,0.0024137628570507974,1.2351589683588884,0.6234092440306351,0.0,2.543318748474121
t033_x_min,0.0023931523748675974,0.6265132258349354,0.3043544804259379,0.0,1.0
t030_x_max,0.0023624489471389277,0.6311811082881404,0.318316616871451,0.0,1.0
t055_x_mean,0.002344954877539649,0.3824534560423864,0.3066889241549936,0.0,1.0
t029_x_mean,0.002329535478725847,0.6264928292019285,0.32579643213006293,0.0,1.0
t027_y_mean,0.0023160377946752435,0.3639709342231202,0.35326265126402645,0.0,1.0
t002_x_mean,0.0023154092107414677,0.5141802380303018,0.35899829297829006,0.0,1.0
t035_y_min,0.002287244011961612,0.4649360664922603,0.3645546100001688,0.0,1.0
t053_x_max,0.002281829644293491,0.4692208010488119,0.3082552981373186,0.0,1.0
t005_x_min,0.0022607447783025746,0.522951725921946,0.35451455815323746,0.0,1.0
t041_y_min,0.0022350198220306315,0.520298793383566,0.3694053325116905,0.0,1.0
t000_x_max,0.002214983838321765,0.5132451557350229,0.3593307051199586,0.0,1.0
t007_x_mean,0.0022012756979195966,0.5340578884543087,0.3512972620713404,0.0,1.0
t026_x_max,0.002190722037153769,0.6138061668538299,0.3338578230115224,0.0,1.0
t036_stroke_length,0.002183624277502353,1.6338974296675612,0.6087800870536623,0.0,3.5465924739837646
t031_y_mean,0.002182940292234993,0.41037126375544086,0.3613182506448568,0.0,1.0
t029_x_min,0.0021823440138842285,0.6264928284728254,0.32579643130915387,0.0,1.0
t022_y_min,0.0021739063018911065,0.34208413707008917,0.3566557297225621,0.0,1.0
t035_cumulative_distance,0.0021677573570500802,1.5953736972338557,0.6029221577934821,0.0,3.5465924739837646
t027_x_min,0.0021322175138526263,0.6196626291955373,0.33100951692645003,0.0,1.0
t029_x_max,0.0021232741410892315,0.6264928284728254,0.32579643130915387,0.0,1.0
t006_x_mean,0.002096877868286412,0.5299092126676286,0.3534814576847918,0.0,1.0
t054_stroke_length,0.0020889753795707744,2.3442893751114013,0.677138550756727,0.8460401296615601,4.672733783721924
t003_x_min,0.0020858214884222847,0.5147949996170591,0.3574330654175931,0.0,1.0
t054_x_min,0.0020803805447023186,0.4275774622699654,0.30921122504387194,0.0,1.0
t004_x_min,0.0020750321125143846,0.5171609209739118,0.35654490251933535,0.0,1.0
t044_stroke_progress,0.0020659755281494693,1.9504212401836991,0.6426461944548985,0.0,4.032656669616699
t001_y_mean,0.002063580946350368,0.15298653991625782,0.2009549412075887,0.0,0.9774266481399536
t056_x_mean,0.0020633773414755327,0.333587096276437,0.3048754483556039,0.0,1.0
t003_y_mean,0.002040648454729655,0.16290268708972178,0.20856739574057837,0.0,1.0
t006_x_max,0.0020373618026634428,0.5299092107330008,0.3534814557762743,0.0,1.0
t027_x_mean,0.00203395206635503,0.6196626274994912,0.33100951551018004,0.0,1.0
t038_y_min,0.0020111782753335933,0.4977670638679167,0.36654571625350285,0.0,1.0
t052_stroke_length,0.0020111509620179754,2.24491202992747,0.6595950531080229,0.5870338082313538,4.630758762359619
t045_y_max,0.0019995277715158656,0.5532741255863417,0.38359652642495295,0.0,1.0
t031_y_min,0.0019876248920805443,0.41037126282959124,0.36131824967414516,0.0,1.0
t026_x_mean,0.001982870811836872,0.6138061652342192,0.33385782200596503,0.0,1.0
t007_x_max,0.0019783219914383094,0.5340578892732046,0.3512972620756352,0.0,1.0
t030_x_min,0.0019775066060598832,0.6311811082881404,0.318316616871451,0.0,1.0
t030_y_max,0.001973680383406839,0.40168679862958473,0.35905088791391176,0.0,1.0
t039_cumulative_distance,0.0019434172940498067,1.7599200736324627,0.6202199178622665,0.0,3.5465924739837646
t053_x_min,0.0019413835177684484,0.4692208010488119,0.3082552981373186,0.0,1.0
t004_y_mean,0.0019407532436874042,0.17106180889671113,0.21496122710053334,0.0,1.0
t032_x_mean,0.001932137564495413,0.6249549189370972,0.3092775641583993,0.0,1.0
t044_x_max,0.0019246583340348626,0.6253992584159234,0.3086524864094349,0.0,1.0
t000_x_mean,0.001924595130884851,0.5132451570778344,0.35933070620779617,0.0,1.0
t040_y_mean,0.0019113341801105979,0.5103943367586081,0.3664189163961799,0.0,1.0
t054_x_max,0.0018971716949258176,0.4275774622699654,0.30921122504387194,0.0,1.0
t032_x_max,0.0018930526704442723,0.6249549209140242,0.3092775654356594,0.0,1.0
t056_x_max,0.0018484480331256157,0.33358709749940085,0.3048754501738052,0.0,1.0
t031_x_min,0.001840352909737901,0.6253450198778029,0.3165437794475505,0.0,1.0
t055_x_min,0.0018369336777441323,0.38245345734994846,0.30668892663388503,0.0,1.0
t034_x_min,0.0018079879768061464,0.6248829469622754,0.29804439064404814,0.0,1.0
t047_y_mean,0.0017964672555770968,0.5675312936248488,0.3900509591546572,0.0,1.0
t008_x_mean,0.0017744344833382833,0.538556933186696,0.3503300453994857,0.0,1.0
t040_stroke_progress,0.0017659059406284893,1.796693350748712,0.6354084907648079,0.0,3.6366703510284415
t023_x_max,0.00175909228322157,0.5992213273317037,0.33543627659374314,0.0,1.0
t051_x_min,0.0017484355353168013,0.5443971147426808,0.30021260037111575,0.0,1.0
t005_y_mean,0.0017427189296344422,0.17986206258637868,0.22190061174204287,0.0,1.0
t025_x_mean,0.0017382932577266704,0.6100824728585869,0.33416446130061567,0.0,1.0
t052_x_mean,0.0017343672113723438,0.5096634956388418,0.30446659714217683,0.0,1.0
t052_cumulative_distance,0.0017165960315885232,2.24491202992747,0.6595950531080229,0.5870338082313538,4.630758762359619
t033_stroke_progress,0.001706237364751185,1.5038084075159723,0.5978660856975273,0.0,3.5465924739837646
t005_y_max,0.0017002087153982137,0.1798620621355592,0.22190061137673464,0.0,1.0
t039_x_max,0.0016966120099301248,0.6173063518791144,0.29566770732823017,0.0,1.0
t027_x_max,0.0016723196616568931,0.6196626291955373,0.33100951692645003,0.0,1.0
t055_x_max,0.0016712885160932037,0.38245345734994846,0.30668892663388503,0.0,1.0
t043_x_mean,0.001665925612441637,0.6245810643788353,0.3038972867777818,0.0,1.0
t003_x_max,0.0016608088280375636,0.5147949996170591,0.3574330654175931,0.0,1.0
t057_x_min,0.0016579405891519496,0.27669758223130764,0.31798394543116354,0.0,1.0
t007_x_min,0.0016315129393995092,0.5340578892732046,0.3512972620756352,0.0,1.0
t027_stroke_length,0.0016281037538297123,1.2702098047915618,0.6141934307461139,0.0,2.739521026611328
t036_x_max,0.0016083805271211535,0.6198927080759637,0.29406830643277787,0.0,1.0
t037_x_mean,0.0015919675727852976,0.6202164619886483,0.2917966450769647,0.0,1.0
t043_y_min,0.0015765710194164762,0.5365005082373815,0.3751732613290049,0.0,1.0
t035_x_mean,0.0015738044093615733,0.6226016339827403,0.29592490558938467,0.0,1.0
t051_x_mean,0.001570262061364783,0.5443971140176592,0.3002125989237489,0.0,1.0
t044_y_mean,0.0015497010013781345,0.5428963982276581,0.37968748325282736,0.0,1.0
t054_x_mean,0.0015344573666863492,0.4275774609891186,0.30921122311313226,0.0,1.0
t030_x_mean,0.0015210556185921347,0.6311811086128046,0.3183166172487436,0.0,1.0
t005_x_mean,0.0015142045500364978,0.5229517284969973,0.35451456037092205,0.0,1.0
t054_cumulative_distance,0.0015139739976154178,2.3442893751114013,0.677138550756727,0.8460401296615601,4.672733783721924
t053_cumulative_distance,0.00149984580804071,2.293787777898796,0.6690761526077407,0.5870339274406433,4.630758762359619
t050_x_mean,0.0014907210636082456,0.570229871951756,0.3008017240965267,0.0,1.0
t050_x_min,0.0014655058452988832,0.5702298726723252,0.3008017257185473,0.0,1.0
t018_y_max,0.0014592174332381672,0.38669428492625396,0.37847459605925393,0.0,1.0
t002_x_min,0.001458887153891263,0.5141802362318474,0.3589982919346051,0.0,1.0
t043_y_max,0.001456450931494993,0.5365005082373815,0.3751732613290049,0.0,1.0
t050_cumulative_distance,0.0014522861669224402,2.160495619374917,0.6451577603330304,0.5487945079803467,4.366483688354492
t023_x_mean,0.0014477173212877887,0.599221326234153,0.33543627640278856,0.0,1.0
t020_y_min,0.0014428749777904586,0.3685289910107673,0.3727210515410256,0.0,1.0
t038_x_min,0.0014315863142179406,0.6175177831432793,0.29262841801629424,0.0,1.0
t004_x_mean,0.0014220342558659263,0.5171609230881252,0.3565449039203713,0.0,1.0
t056_x_min,0.001417231664348863,0.33358709749940085,0.3048754501738052,0.0,1.0
t024_x_min,0.001417010349957594,0.6049722752096021,0.33546216177156596,0.0,1.0
t026_x_min,0.0014082646250670185,0.6138061668538299,0.3338578230115224,0.0,1.0
t043_x_min,0.0014003013368071885,0.6245810654630284,0.30389728783435194,0.0,1.0
t052_stroke_progress,0.0013926342422743163,2.24491202992747,0.6595950531080229,0.5870338082313538,4.630758762359619
t052_x_min,0.0013904674940363776,0.5096634970206129,0.3044665993092318,0.0,1.0
t058_x_max,0.0013901589034135508,0.24897227419848253,0.3196337680280246,0.0,1.0
t033_stroke_length,0.0013808746089354076,1.5038084075159723,0.5978660856975273,0.0,3.5465924739837646
t027_cumulative_distance,0.0013713631951820808,1.2702098047915618,0.6141934307461139,0.0,2.739521026611328
t037_x_max,0.0013511445354561398,0.6202164631129142,0.2917966460859598,0.0,1.0
t025_x_max,0.0013458447474857817,0.610082472644494,0.33416446158786584,0.0,1.0
t032_cumulative_distance,0.0013218186295641614,1.4634696553554838,0.596994287771195,0.0,3.546592235565185
t051_x_max,0.001320992996046292,0.5443971147426808,0.30021260037111575,0.0,1.0
t037_stroke_length,0.0013200230301295792,1.6802998650603647,0.6128740698695382,0.0,3.5465924739837646
t049_x_mean,0.0013170262633595657,0.593277889286795,0.30231770001218095,0.0,1.0
t057_stroke_length,0.0013143946493333694,2.528871604740857,0.6792274443509829,1.0,4.793737888336182
t024_x_mean,0.0013143633151983132,0.6049722756945576,0.3354621628708771,0.0,1.0
t031_x_mean,0.0013059399266074777,0.6253450176352079,0.31654377747776347,0.0,1.0
t008_x_max,0.001305181780325746,0.5385569346812646,0.3503300462305477,0.0,1.0
t041_cumulative_distance,0.0012978487442582105,1.841646093216194,0.6354473223093906,0.0,3.785810232162476
t030_stroke_length,0.0012963439101974005,1.3891134401621321,0.59029986789432,0.0,3.546592235565185
t042_x_mean,0.001296062047550703,0.6220158758829255,0.3017864346371415,0.0,1.0
t034_x_mean,0.0012915920843841343,0.6248829475860018,0.29804439144279105,0.0,1.0
t041_x_max,0.0012732035591571829,0.6197131719328909,0.30093607770968267,0.0,1.0
t031_x_max,0.0012728340725468926,0.6253450198778029,0.3165437794475505,0.0,1.0
t057_x_mean,0.0012449045618774784,0.2766975806350727,0.31798394355237386,0.0,1.0
t034_stroke_length,0.0012443117666949477,1.5469129348693609,0.6012713983425061,0.0,3.5465924739837646
t030_y_min,0.0012376689319471973,0.40168679862958473,0.35905088791391176,0.0,1.0
t040_x_max,0.0012371476049800917,0.6167610719117272,0.2976847964998002,0.0,1.0
t046_cumulative_distance,0.0012322390919715016,2.0170146844539034,0.638830837221483,0.1623389422893524,4.032656669616699
t047_x_mean,0.0012203152704277982,0.6210988414240073,0.3037192253328137,0.0,1.0
t038_stroke_progress,0.0011970263339198964,1.7242153487124887,0.6148444594676972,0.0,3.5465924739837646
t002_y_max,0.00119593956072676,0.15559797789539725,0.20424428441066572,0.0,1.0
t059_x_mean,0.0011916219818173704,0.1659844718906895,0.3172072520215041,0.0,1.0
t020_y_max,0.0011789551787125506,0.3685289910107673,0.3727210515410256,0.0,1.0
t010_x_mean,0.0011764824515276908,0.5459345198392245,0.34565124773104716,0.0,1.0
t049_cumulative_distance,0.0011725575124060287,2.117845942869604,0.6423182404952118,0.5487945079803467,4.129305839538574
t017_y_mean,0.001168888469811017,0.38866197972834865,0.3779903445428741,0.0,1.0
t040_stroke_length,0.0011553952278914466,1.796693350748712,0.6354084907648079,0.0,3.6366703510284415
t022_stroke_length,0.0011487597539598454,1.021839201890869,0.6358663279700707,0.0,2.5370535850524902
t038_x_max,0.0011465320635176285,0.6175177831432793,0.29262841801629424,0.0,1.0
t026_stroke_length,0.0011244859292191046,1.2351589683588884,0.6234092440306351,0.0,2.543318748474121
t048_x_mean,0.0011220160670883095,0.60705620676754,0.30359157710126633,0.0,1.0
t024_x_max,0.0011139172291158097,0.6049722752096021,0.33546216177156596,0.0,1.0
t023_stroke_progress,0.0011111584477496194,1.091745729564226,0.635905713922557,0.0,2.5370535850524902
t001_y_min,0.0011039529109167698,0.15298654023535638,0.200954941753578,0.0,0.9774266481399536
t007_y_mean,0.0010908919114412646,0.21165815341755734,0.24997717253227975,0.0,1.0
t044_x_min,0.001085061007118024,0.6253992584159234,0.3086524864094349,0.0,1.0
t049_x_max,0.0010802519871206324,0.5932778895643366,0.3023177009928716,0.0,1.0
t004_y_max,0.0010785270283791854,0.17106180823662234,0.21496122623028727,0.0,1.0
t009_x_min,0.0010784667564953535,0.5420294800888287,0.34954833907376265,0.0,1.0
t050_stroke_length,0.0010615832265966501,2.160495619374917,0.6451577603330304,0.5487945079803467,4.366483688354492
t043_x_max,0.0010511309226394236,0.6245810654630284,0.30389728783435194,0.0,1.0
t036_x_min,0.00105025220107491,0.6198927080759637,0.29406830643277787,0.0,1.0
t029_cumulative_distance,0.0010491718948892055,1.3439017261296777,0.6119441274473277,0.0,3.323843479156494
t010_x_min,0.001042487400741834,0.5459345200577699,0.345651246535811,0.0,1.0
t040_y_min,0.0010397690599828775,0.5103943373636896,0.36641891691328726,0.0,1.0
t039_x_mean,0.0010350295500768925,0.6173063496149988,0.2956677066633485,0.0,1.0
t058_x_mean,0.001029219345125703,0.24897227293025123,0.3196337662778188,0.0,1.0
t044_stroke_length,0.001026654041893554,1.9504212401836991,0.6426461944548985,0.0,4.032656669616699
t036_cumulative_distance,0.0010202672278215137,1.6338974296675612,0.6087800870536623,0.0,3.5465924739837646
t000_y_mean,0.001011923832573162,0.1500390105509752,0.19674641131156445,0.0,1.0
t042_x_max,0.001008359994947912,0.6220158787592652,0.30178643602710453,0.0,1.0
t049_vx,0.001007264843341813,-0.7283874728983815,5.342937541852038,-39.12362289428711,55.82524871826172
t041_x_mean,0.0010032274982389915,0.6197131683203981,0.30093607538265926,0.0,1.0
t028_stroke_length,0.000998446523602259,1.3139741524390387,0.607695182193768,0.0,2.739521026611328
t002_y_mean,0.0009982924114988944,0.1555979781760927,0.20424428485560775,0.0,1.0
t043_stroke_progress,0.0009813724294402179,1.9181707719467076,0.6413981586780788,0.0,3.999481201171875
t000_y_max,0.0009800979735141366,0.15003901132311953,0.1967464122664072,0.0,1.0
t030_y_mean,0.0009767481022703054,0.4016867988752164,0.35905088810091884,0.0,1.0
t050_x_max,0.0009739437232377102,0.5702298726723252,0.3008017257185473,0.0,1.0
t000_y_min,0.000973107279052332,0.15003901132311953,0.1967464122664072,0.0,1.0
t008_x_min,0.0009685758039641752,0.5385569346812646,0.3503300462305477,0.0,1.0
t031_stroke_length,0.0009671317545305317,1.4201316079118416,0.6017816996649068,0.0,3.546592235565185
t003_y_max,0.0009566416701076129,0.1629026867789717,0.20856739498843846,0.0,1.0
t047_vx,0.0009561394771570172,-0.12897330630159995,6.251286237165773,-56.06060791015625,74.0740737915039
t010_x_max,0.0009519359418214783,0.5459345200577699,0.345651246535811,0.0,1.0
t058_x_min,0.0009460898888197664,0.24897227419848253,0.3196337680280246,0.0,1.0
t042_x_min,0.0009410599825755141,0.6220158787592652,0.30178643602710453,0.0,1.0
t032_x_min,0.0009392334356337437,0.6249549209140242,0.3092775654356594,0.0,1.0
t026_stroke_progress,0.0009385168155732595,1.2351589683588884,0.6234092440306351,0.0,2.543318748474121
t051_stroke_progress,0.0009360926369451769,2.2017713919578794,0.6472074662352789,0.5828224420547485,4.529523849487305
t048_stroke_length,0.0009343222892887493,2.0869202888819327,0.6363272758448836,0.2705203294754028,4.129305839538574
t007_y_max,0.0009327283749208151,0.21165815508058036,0.2499771752777589,0.0,1.0
t005_x_max,0.0009110956553787211,0.522951725921946,0.35451455815323746,0.0,1.0
t006_y_mean,0.0009102603244295187,0.19508298643840574,0.23552609389211374,0.0,1.0
t046_x_min,0.0009057399595425961,0.6252346639050193,0.30513295301192817,0.0,1.0
t047_x_min,0.000905524965109423,0.6210988408956395,0.30371922637522464,0.0,1.0
t003_delta_s,0.0009030538488744557,0.009071713106973847,0.00871201213611331,0.0010000000474974,0.2899999916553497
t003_y_min,0.0008861815716044103,0.1629026867789717,0.20856739498843846,0.0,1.0
t050_stroke_progress,0.0008852613154878072,2.160495619374917,0.6451577603330304,0.5487945079803467,4.366483688354492
t022_x_mean,0.0008848644771561065,0.5907870006929355,0.3382120963654518,0.0,1.0
t031_stroke_progress,0.0008841850064986124,1.4201316079118416,0.6017816996649068,0.0,3.546592235565185
t035_x_min,0.0008828113865514893,0.6226016347170381,0.29592490512938324,0.0,1.0
t043_stroke_length,0.0008808642725153802,1.9181707719467076,0.6413981586780788,0.0,3.999481201171875
t043_y_mean,0.0008731387168963191,0.5365005082845969,0.3751732612363231,0.0,1.0
t059_ax,0.0008690231744761798,-464.06322930093864,1811.5174974000292,-9933.3046875,9369.177734375
t023_stroke_length,0.0008664419115710968,1.091745729564226,0.635905713922557,0.0,2.5370535850524902
t043_cumulative_distance,0.0008611691448652586,1.9181707719467076,0.6413981586780788,0.0,3.999481201171875
t049_x_min,0.0008596490996099636,0.5932778895643366,0.3023177009928716,0.0,1.0
t016_y_min,0.0008559047866352298,0.3898050206397063,0.3782864702200116,0.0,1.0
t023_x_min,0.0008501795869172332,0.5992213273317037,0.33543627659374314,0.0,1.0
t020_stroke_length,0.0008342771144576074,0.8864221027306528,0.6167799231040512,0.0,2.4991390705108643
t057_x_max,0.0008291129541886685,0.27669758223130764,0.31798394543116354,0.0,1.0
t051_stroke_length,0.0008289398631019776,2.2017713919578794,0.6472074662352789,0.5828224420547485,4.529523849487305
t008_y_max,0.0008250438022629979,0.23544541118653542,0.2707750938574185,0.0,1.0
t053_stroke_length,0.0008210974402111139,2.293787777898796,0.6690761526077407,0.5870339274406433,4.630758762359619
t040_x_min,0.0008204794154302229,0.6167610719117272,0.2976847964998002,0.0,1.0
t035_stroke_progress,0.000817189177114885,1.5953736972338557,0.6029221577934821,0.0,3.5465924739837646
t046_stroke_progress,0.0008162189476023251,2.0170146844539034,0.638830837221483,0.1623389422893524,4.032656669616699
t009_y_mean,0.0008159073750109153,0.2585184424190756,0.28896839729787405,0.0,1.0
t041_stroke_length,0.0008057347867107581,1.841646093216194,0.6354473223093906,0.0,3.785810232162476
t034_cumulative_distance,0.0008057139920917022,1.5469129348693609,0.6012713983425061,0.0,3.5465924739837646
t044_cumulative_distance,0.000805303321488329,1.9504212401836991,0.6426461944548985,0.0,4.032656669616699
t020_cumulative_distance,0.0008048155761146796,0.8864221027306528,0.6167799231040512,0.0,2.4991390705108643
t059_x_max,0.0008004220770144912,0.16598447306170702,0.3172072537991853,0.0,1.0
t039_stroke_progress,0.0007978106339952231,1.7599200736324627,0.6202199178622665,0.0,3.5465924739837646
t039_x_min,0.0007946631951489776,0.6173063518791144,0.29566770732823017,0.0,1.0
t041_stroke_progress,0.0007940356420430987,1.841646093216194,0.6354473223093906,0.0,3.785810232162476
t045_x_max,0.0007905168734717599,0.6265759733731885,0.30762116067871603,0.0,1.0
t040_cumulative_distance,0.0007864437498647812,1.796693350748712,0.6354084907648079,0.0,3.6366703510284415
t028_cumulative_distance,0.0007863394694809618,1.3139741524390387,0.607695182193768,0.0,2.739521026611328
t059_x_min,0.0007753097641905475,0.16598447306170702,0.3172072537991853,0.0,1.0
t038_x_mean,0.0007714838836081547,0.6175177810498442,0.29262841749965396,0.0,1.0
t033_cumulative_distance,0.0007669166891597925,1.5038084075159723,0.5978660856975273,0.0,3.5465924739837646
t031_vx,0.0007663918477912163,-0.4800711694553237,4.493927345157841,-37.74617004394531,27.777774810791016
t048_x_max,0.0007644921096360311,0.6070562072098256,0.3035915780274173,0.0,1.0
t024_cumulative_distance,0.0007462808279691801,1.1382473200295404,0.6313554624554882,0.0,2.5370535850524902
t039_stroke_length,0.00073390906850422,1.7599200736324627,0.6202199178622665,0.0,3.5465924739837646
t046_stroke_length,0.0007221119344107232,2.0170146844539034,0.638830837221483,0.1623389422893524,4.032656669616699
t012_y_mean,0.0007132960057015795,0.3300845179202191,0.342831399236181,0.0,1.0
t048_vx,0.0007120751130175634,-0.6076148704563545,6.046963529305294,-65.51724243164062,49.38271713256836
t011_vx,0.0007082636092703079,0.10034256903732787,5.070620058255931,-57.8778076171875,54.75619125366211
t000_x_min,0.0007036713706775503,0.5132451557350229,0.3593307051199586,0.0,1.0
t047_stroke_length,0.0006949342825645622,2.05019692386764,0.6341357284593708,0.2705203294754028,4.032656669616699
t038_cumulative_distance,0.0006936696412582689,1.7242153487124887,0.6148444594676972,0.0,3.5465924739837646
t013_y_max,0.000675580813005088,0.34882062093412275,0.3562155974949503,0.0,1.0
t046_vy,0.0006634282780281397,0.5476163438348051,3.4379356703443076,-10.517096519470217,60.70953750610352
t040_x_mean,0.0006630773815249592,0.6167610688105344,0.297684794598291,0.0,1.0
t044_x_mean,0.0006583121895001902,0.6253992561339976,0.30865248486012564,0.0,1.0
t051_cumulative_distance,0.000657996786244682,2.2017713919578794,0.6472074662352789,0.5828224420547485,4.529523849487305
t024_stroke_progress,0.000656181536353429,1.1382473200295404,0.6313554624554882,0.0,2.5370535850524902
t036_x_mean,0.000654660687470169,0.6198927077156792,0.2940683074021526,0.0,1.0
t025_stroke_progress,0.0006515526562574378,1.1963037484020334,0.6264409794711634,0.0,2.5370535850524902
t017_y_min,0.0006481483051200926,0.38866197860120716,0.3779903435605942,0.0,1.0
t034_y_min,0.0006459709210920145,0.4498963838933867,0.3630436164692026,0.0,1.0
t015_y_min,0.0006426927967842489,0.3824749262319818,0.3737181574649679,0.0,1.0
t012_x_min,0.0006374138653839767,0.5429244186825665,0.34162701353908903,0.0,1.0
t006_x_min,0.0006352768308546,0.5299092107330008,0.3534814557762743,0.0,1.0
t046_x_max,0.000632550061765195,0.6252346639050193,0.30513295301192817,0.0,1.0
t048_x_min,0.0006280274399484943,0.6070562072098256,0.3035915780274173,0.0,1.0
t030_cumulative_distance,0.0006015672059920651,1.3891134401621321,0.59029986789432,0.0,3.546592235565185
t036_stroke_progress,0.0005925556358441916,1.6338974296675612,0.6087800870536623,0.0,3.5465924739837646
t011_x_mean,0.0005924205207562381,0.543739598479671,0.3448013891142986,0.0,1.0
t021_stroke_progress,0.0005907931071389032,0.9596722335168407,0.6322175337850018,0.0,2.4991390705108643
t018_y_mean,0.0005904705790082007,0.38669428563634106,0.378474595888822,0.0,1.0
t028_stroke_progress,0.0005862665740580589,1.3139741524390387,0.607695182193768,0.0,2.739521026611328
t042_stroke_progress,0.0005769935580598954,1.8779899789398884,0.6422763775548878,0.0,3.999481201171875
t009_x_max,0.0005658594444186455,0.5420294800888287,0.34954833907376265,0.0,1.0
t021_x_min,0.0005550973659102633,0.5820746150468866,0.3390490130251848,0.0,1.0
t052_vx,0.0005541874011775243,-2.006927499769179,5.808745293911746,-52.136749267578125,26.77165412902832
t012_x_max,0.0005527477190151586,0.5429244186825665,0.34162701353908903,0.0,1.0
t040_vy,0.0005510254645071383,0.5263153906035032,1.7901372368405533,-4.065040588378906,25.690431594848636
t011_y_min,0.0005425260812774668,0.3025155469763141,0.3255116535545596,0.0,1.0
t049_stroke_length,0.0005281015387502326,2.117845942869604,0.6423182404952118,0.5487945079803467,4.129305839538574
t049_stroke_progress,0.0005217331862890621,2.117845942869604,0.6423182404952118,0.5487945079803467,4.129305839538574
t018_y_min,0.0005192594049694796,0.38669428492625396,0.37847459605925393,0.0,1.0
t045_x_min,0.0005182179398686164,0.6265759733731885,0.30762116067871603,0.0,1.0
t012_y_min,0.0005163697999188661,0.3300845178487002,0.34283139945041996,0.0,1.0
t012_x_mean,0.0005152969123133377,0.5429244174878021,0.3416270142309876,0.0,1.0
t054_vx,0.0005152856565207597,-2.733079130626577,7.142392887805643,-68.97850799560547,59.02777862548828
t026_ay,0.0005145286148307994,-16.840023928447014,598.8929845724971,-3162.8193359375,9605.2666015625
t018_x_mean,0.0004970721054168694,0.5486919878273312,0.3369767482902497,0.0,1.0
t047_vy,0.0004942466957178968,0.765020740866993,4.334715414594433,-5.541876792907715,68.8868637084961
t041_x_min,0.000493346859273054,0.6197131719328909,0.30093607770968267,0.0,1.0
t056_x_std,0.0004933189894003914,1.698643325334526e-08,2.339798974095917e-08,0.0,1.1920928955078125e-07
t048_vy,0.0004928183342268407,0.5306186304824344,3.0451172360332315,-6.355063438415527,44.543418884277344
t020_y_mean,0.0004893000655055352,0.36852899151427515,0.37272105214449575,0.0,1.0
t032_stroke_length,0.00048726234975980437,1.4634696553554838,0.596994287771195,0.0,3.546592235565185
t059_ay,0.00048688117892160425,9.503847879699528,361.3856228548299,-4663.9228515625,3365.3408203125
t042_vy,0.00048527140767323557,0.7047799544096515,3.4391248836453343,-5.093047142028809,41.3900032043457
t045_cumulative_distance,0.0004820837269438143,1.984628121062104,0.6363173084843152,0.1623388975858688,4.032656669616699
t045_stroke_length,0.00047809157701388496,1.984628121062104,0.6363173084843152,0.1623388975858688,4.032656669616699
t013_stroke_progress,0.0004752760936626778,0.39964207616614045,0.38974184527075,0.0,2.418678998947144
t037_x_min,0.0004719754704529377,0.6202164631129142,0.2917966460859598,0.0,1.0
t047_stroke_progress,0.0004693577346134857,2.05019692386764,0.6341357284593708,0.2705203294754028,4.032656669616699
t041_vy,0.0004637271674435126,0.9238694069564642,3.9284978131434234,-4.319105625152588,61.3505744934082
t026_vx,0.0004587276106063672,0.013964385799174561,4.699148330752047,-66.66666412353516,58.62068939208984
t028_ay,0.00045813983302747023,15.333559648454875,610.8595967088049,-6692.34765625,4676.57373046875
t028_vx,0.00045619536487534934,0.4071761450690499,5.752514922329702,-28.03347396850586,64.16276550292969
t019_y_min,0.0004516688675616593,0.37622855944202777,0.37522725115433414,0.0,1.0
t023_cumulative_distance,0.0004516590722896942,1.091745729564226,0.635905713922557,0.0,2.5370535850524902
t034_vx,0.00044895943908554507,-0.5420776295802726,7.109082361432119,-47.07792282104492,79.36507415771484
t047_x_max,0.0004483634842051262,0.6210988408956395,0.30371922637522464,0.0,1.0
t043_vy,0.0004452455218948729,0.9878939405775337,4.729423053825645,-6.244108200073242,68.87589263916016
t016_y_max,0.00044407541989267076,0.3898050206397063,0.3782864702200116,0.0,1.0
t020_vx,0.00043497684342452315,-0.4058070045570117,3.776660365850573,-52.17391204833984,19.377729415893555
t019_y_mean,0.00043339630566896877,0.37622856016380274,0.375227251094142,0.0,1.0
t032_stroke_progress,0.000433195924729403,1.4634696553554838,0.596994287771195,0.0,3.546592235565185
t035_vx,0.0004309832946542163,-0.6399165020847762,8.19471485163079,-68.96551513671875,84.82675170898438
t032_vx,0.00042296899955918165,-0.08148023892047344,7.417691589674185,-100.0,62.121212005615234
t037_cumulative_distance,0.0004174341951738086,1.6802998650603647,0.6128740698695382,0.0,3.5465924739837646
t014_x_max,0.00041627343759448733,0.5387524473536537,0.33835345895845564,0.0,1.0
t014_vx,0.00041614011486422074,-0.3044137512482001,5.044074881535435,-58.62734603881836,54.10627746582031
t014_y_mean,0.00041289381539974794,0.3712587150874032,0.3681820970968023,0.0,1.0
t033_vx,0.00041079641183013835,-0.16774394147201502,6.735120559801657,-56.77749633789063,68.49314880371094
t001_delta_s,0.0004104489239317732,0.004644621575559153,0.00910489554316677,0.0010000000474974,0.3079999983310699
t010_y_mean,0.00040714486811493895,0.28113764172579453,0.30896931214642337,0.0,1.0
t046_x_mean,0.000405261935910792,0.6252346626998656,0.3051329514718448,0.0,1.0
t008_vx,0.00040492597827281317,0.5294528822498309,4.606239455789304,-45.45454406738281,37.848609924316406
t052_ax,0.000403942414314369,-44.8835800790723,875.3600350016525,-5792.97265625,8879.7822265625
t029_vx,0.00040363350178174146,-0.09519074996842918,4.13522293381035,-46.25722885131836,26.734115600585938
t015_y_mean,0.00040349514407284477,0.3824749257627956,0.3737181565447635,0.0,1.0
t024_ay,0.00040137184281633384,-6.147932971905095,623.0401440107223,-6356.16455078125,5198.18017578125
t050_vx,0.000396468750639655,-1.2767548630385843,6.188236033799442,-40.90909194946289,37.1634407043457
t037_stroke_progress,0.00039493996399884865,1.6802998650603647,0.6128740698695382,0.0,3.5465924739837646
t048_cumulative_distance,0.0003904011966030219,2.0869202888819327,0.6363272758448836,0.2705203294754028,4.129305839538574
t034_x_max,0.00038879570950879063,0.6248829469622754,0.29804439064404814,0.0,1.0
t045_x_mean,0.0003886616794635016,0.6265759722222073,0.30762115906401755,0.0,1.0
t013_x_mean,0.0003865386420695348,0.5420324028291521,0.3406120462059982,0.0,1.0
t031_cumulative_distance,0.0003860186888254947,1.4201316079118416,0.6017816996649068,0.0,3.546592235565185
t006_vx,0.00038132164374346425,0.6322333351539989,3.7814846432908924,-38.0952377319336,55.908294677734375
t022_vx,0.0003810422067149452,0.20314290939050406,4.89268432421064,-28.925617218017575,100.0
t015_y_max,0.0003802580357387864,0.3824749262319818,0.3737181574649679,0.0,1.0
t053_y_std,0.00038011419859300833,3.4384819051896437e-08,4.562084988893163e-08,0.0,1.788139343261719e-07
t042_stroke_length,0.00037991569438846305,1.8779899789398884,0.6422763775548878,0.0,3.999481201171875
t050_y_std,0.0003772557150116081,3.384884476542948e-08,4.435281501312853e-08,0.0,1.788139343261719e-07
t011_x_max,0.00037674983524120623,0.543739600530807,0.3448013886704267,0.0,1.0
t020_ax,0.00037514132826178565,-20.54372256124094,539.982586481237,-6304.17626953125,4166.66650390625
t029_ay,0.00037062657624952974,-40.0221368250294,478.2645350625311,-3668.90380859375,2943.087646484375
t002_stroke_progress,0.00036933865248657506,0.011168395167745976,0.056609399530498185,0.0,1.308788180351257
t030_ay,0.00036598440647043497,95.55950258194012,661.3801671120026,-3492.06298828125,6314.31982421875
t011_y_max,0.0003658835961438463,0.3025155469763141,0.3255116535545596,0.0,1.0
t014_y_min,0.0003627250698782451,0.3712587149881487,0.36818209692745246,0.0,1.0
t029_stroke_progress,0.00035917626372571347,1.3439017261296777,0.6119441274473277,0.0,3.323843479156494
t052_y_std,0.00035849901610468966,3.411497668441073e-08,4.4496144007705475e-08,0.0,1.788139343261719e-07
t031_vy,0.00035795868531350225,0.7421064786046672,2.2878298788483513,-2.66940975189209,30.30303382873535
t016_stroke_progress,0.00035750784182203766,0.5777318079097379,0.48603167913099377,0.0,2.418678998947144
t034_y_std,0.00035651628997108976,2.487345535560433e-08,3.4297938780109384e-08,0.0,1.788139343261719e-07
t026_vy,0.000354997088775345,1.0145792986258249,3.886687475014481,-4.651162624359131,48.02633285522461
t040_vx,0.0003526012888142713,-0.4059679651049222,5.976870809260439,-51.72413635253906,36.39430236816406
t022_x_max,0.0003518452903115838,0.5907870006432155,0.3382120957224514,0.0,1.0
t002_y_min,0.0003511579130320792,0.15559797789539725,0.20424428441066572,0.0,1.0
t022_x_min,0.0003496986804512712,0.5907870006432155,0.3382120957224514,0.0,1.0
t008_y_min,0.00034856194349528407,0.23544541118653542,0.2707750938574185,0.0,1.0
t046_vx,0.00034808769441371307,0.003574949211240464,6.249938958782574,-40.40403366088867,81.82601928710938
t010_y_min,0.00034600332804564387,0.281137643660979,0.3089693151709202,0.0,1.0
t024_vx,0.0003455774407293661,0.07639551452569335,4.959341061763149,-51.84109115600586,64.16275787353516
t042_cumulative_distance,0.0003455468103397684,1.8779899789398884,0.6422763775548878,0.0,3.999481201171875
t019_x_max,0.00034526996356500615,0.5563613837466119,0.335676695370889,0.0,1.0
t047_cumulative_distance,0.0003438939233253403,2.05019692386764,0.6341357284593708,0.2705203294754028,4.032656669616699
t025_cumulative_distance,0.0003438659745794475,1.1963037484020334,0.6264409794711634,0.0,2.5370535850524902
t027_vx,0.0003402312162548637,0.35646785235654443,5.686166154384785,-69.84126281738281,70.86614227294922
t034_stroke_progress,0.00033865707120769075,1.5469129348693609,0.6012713983425061,0.0,3.5465924739837646
t049_vy,0.00033714239142242265,0.3473618615166106,2.5903888088462437,-7.619034767150879,40.04804992675781
t035_x_max,0.0003367623513209453,0.6226016347170381,0.29592490512938324,0.0,1.0
t027_ay,0.0003319483902176633,26.604100889316776,621.9365171810398,-6860.90283203125,7648.39697265625
t015_x_min,0.0003306248051452898,0.5377069426782103,0.336696737536339,0.0,1.0
t021_x_mean,0.0003300858510374935,0.5820746158275649,0.33904901362208745,0.0,1.0
t038_stroke_length,0.0003251522668572404,1.7242153487124887,0.6148444594676972,0.0,3.5465924739837646
t025_ay,0.0003216088057676286,6.855120826079598,571.8993005474481,-3757.308837890625,3424.4375
t045_vx,0.0003206686838027364,0.2911858126464947,6.6184533790713855,-62.5,70.93424987792969
t058_vx,0.00031744898603039396,-2.5204030638330432,8.859781762160072,-81.4606704711914,30.612247467041016
t018_vx,0.00031713864953064835,-0.19094162561365288,4.571823348217452,-48.05195236206055,54.1958122253418
t048_stroke_progress,0.00031278093857537505,2.0869202888819327,0.6363272758448836,0.2705203294754028,4.129305839538574
t009_x_mean,0.0003099353599689006,0.5420294786469484,0.34954833853761214,0.0,1.0
t023_ay,0.00030805593601204397,30.440721484396423,587.8318251502723,-3016.529052734375,6356.1640625
t043_vx,0.00030677100135061055,0.06661833611391231,8.141567035394072,-110.38961029052734,75.99308013916016
t058_vy,0.0003060287492536706,0.6203443518976673,2.7616806738373874,-4.017693042755127,41.97530746459961
t042_vx,0.000305099295952984,0.018078122812329206,6.664773389740734,-61.44578170776367,47.97047805786133
t027_ax,0.0003021744845222121,36.92479202875224,699.5302268545636,-7760.140625,7874.01611328125
t031_ay,0.0003015310131676737,-96.37203124661941,592.66493409311,-6134.6171875,3367.003662109375
t019_vx,0.0002984580969054441,-0.30174000089920167,4.9571736274112626,-62.5,56.737586975097656
t028_vy,0.00029534930251109363,1.3590871064629937,4.074062277400962,-2.937030076980591,37.41259002685547
t059_vx,0.0002944014387766594,-7.714049052534135,13.567179353233701,-89.39974212646484,6.768189430236816
t041_ay,0.00029104034044627415,33.81951506179056,428.11205298053164,-2854.492431640625,5795.33935546875
t044_vx,0.0002892530411399093,0.02240592107812579,5.620281430257169,-44.257110595703125,50.39466094970703
t049_ax,0.0002865068313511585,-10.322146406061833,816.5967875575667,-7877.720703125,6978.15673828125
t015_x_max,0.00028096576552483573,0.5377069426782103,0.336696737536339,0.0,1.0
t011_y_mean,0.0002794406945660077,0.302515545749176,0.3255116515253627,0.0,1.0
t002_cumulative_distance,0.000279080233466899,0.011168395167745976,0.056609399530498185,0.0,1.308788180351257
t038_vy,0.00027765599201826525,0.9757581525997051,3.857251724252105,-3.2965900897979736,60.7669677734375
t011_x_min,0.0002766292432931665,0.543739600530807,0.3448013886704267,0.0,1.0
t041_vx,0.00027401996376244357,-0.2142769514728905,7.054550434098975,-49.38271331787109,65.93406677246094
t021_cumulative_distance,0.0002730079385306632,0.9596722335168407,0.6322175337850018,0.0,2.4991390705108643
t021_vx,0.00026689710289774945,-0.16380404232800277,5.047466710804018,-56.34920501708984,84.6153793334961
t032_ay,0.00026446826564988,55.659390682000584,477.722860089304,-3030.302978515625,4227.05322265625
t045_stroke_progress,0.0002644250728246943,1.984628121062104,0.6363173084843152,0.1623388975858688,4.032656669616699
t037_vx,0.0002638034581244412,-0.4283996818212267,7.936133917800206,-79.36507415771484,76.92308044433594
t025_delta_s,0.000261683495932582,0.02801274897417502,0.06972674967439733,0.0010000000474974,0.6010000109672546
t059_vy,0.0002613396067347819,0.788044896818678,2.097365592922459,-5.146317481994629,30.28806495666504
t014_y_max,0.0002600610778536121,0.3712587149881487,0.36818209692745246,0.0,1.0
t024_vy,0.00025931432076197895,1.2457536709616377,4.185013906220128,-5.425567626953125,46.78362274169922
t038_ay,0.0002588850318822852,-11.79414679559481,519.1541381538894,-5460.349609375,6076.69677734375
t020_x_max,0.0002580823318377688,0.5693429565461597,0.338348849274556,0.0,1.0
t027_vy,0.00025790580940647935,1.2425280494135849,4.481558254667654,-2.4691357612609863,53.53877639770508
t015_x_mean,0.0002576594611954095,0.5377069412975524,0.3366967369776714,0.0,1.0
t053_ax,0.00025614768945088156,-57.18190365696578,855.2012171749575,-7833.33447265625,5262.09326171875
t022_ax,0.00025495766702977,33.121448591003826,669.7543402482188,-8209.8828125,10000.0
t058_y_std,0.00025372878796653934,1.8186392299682494e-08,3.720818809068843e-08,0.0,1.788139343261719e-07
t051_vx,0.0002536837311092829,-1.5144098230543777,6.674408428636666,-79.91803741455078,36.30769348144531
t030_stroke_progress,0.00025270944884570756,1.3891134401621321,0.59029986789432,0.0,3.546592235565185
t019_x_mean,0.0002523862403441909,0.5563613828757696,0.3356766964725376,0.0,1.0
t017_cumulative_distance,0.0002521030980064389,0.6593804299611019,0.535120150925634,0.0,2.453536033630371
t040_ay,0.0002509579611338577,-18.986242807373902,371.95800472948275,-4941.0029296875,2854.491455078125
t021_ax,0.0002506552680262869,10.620455004503084,597.0572353638162,-4695.767578125,8461.5380859375
t051_vy,0.0002491954024914254,0.7832464566412557,4.145163298471199,-6.167725563049316,65.58441162109375
t044_vy,0.0002472353749064367,0.5299105149237228,2.951547469206088,-6.5081048011779785,39.63652801513672
t019_y_max,0.0002467910392730314,0.37622855944202777,0.37522725115433414,0.0,1.0
t037_ax,0.0002463987705696506,17.116511442271523,1025.788686895426,-13227.5126953125,7440.47607421875
t030_vx,0.00023966723496119278,0.35662466445492835,7.815873128829362,-58.69565200805664,71.27882385253906
t013_y_min,0.00023940441503849188,0.34882062093412275,0.3562155974949503,0.0,1.0
t029_ax,0.00023590858191225637,-50.14614835840312,657.8436862719902,-6416.27587890625,3341.763671875
t008_y_std,0.000235357988745862,1.5649187612343593e-08,2.567764549570598e-08,0.0,1.1920928955078125e-07
t016_vx,0.0002344565549754702,-0.29355788518810605,4.972594396967705,-38.39285659790039,53.67230224609375
t013_y_mean,0.0002327950223961437,0.3488206209621366,0.3562155973822705,0.0,1.0
t013_x_max,0.00023256864902374677,0.5420324045185193,0.34061204672783557,0.0,1.0
t053_ay,0.00023230599482439057,17.397758783151534,366.20542317122255,-4559.53955078125,4098.46484375
t021_ay,0.00023223969722828612,-4.31984554451838,609.1905217420841,-3423.400634765625,4875.23974609375
t018_stroke_length,0.0002305073401307902,0.7258574135661071,0.5622057060142147,0.0,2.499138832092285
t010_y_max,0.00022995291029574512,0.281137643660979,0.3089693151709202,0.0,1.0
t040_ax,0.0002272864258342586,16.948478676215178,861.0464599820533,-7110.0908203125,6250.0
t050_vy,0.0002272560513430483,0.5811096214514752,2.8243060568610012,-11.58826732635498,32.47460174560547
t038_ax,0.00022680197924468572,-17.601924651938756,998.2832163113402,-7440.4765625,8818.341796875
t058_ax,0.00022663461330718672,233.61940962849798,1624.616219965982,-11637.23828125,8596.166015625
t030_vy,0.00022651499292342873,1.8838406525519118,5.829172872654302,-6.94444465637207,55.21156311035156
t008_ax,0.00022529714010924214,-20.200828610354904,598.6622223475663,-5607.591796875,4432.67724609375
t020_x_mean,0.00022484133799481346,0.5693429575650489,0.3383488506616748,0.0,1.0
t059_x_std,0.0002236257310713435,5.095929976003579e-09,1.540033591553388e-08,0.0,1.1920928955078125e-07
t029_vy,0.0002233750237277054,0.8320571655563372,2.94615498632994,-2.915452003479004,26.48778915405273
t047_y_std,0.00022061120149969335,3.013459305126829e-08,4.0021318350252935e-08,0.0,1.788139343261719e-07
t017_x_mean,0.00021959685669937083,0.5420504938172866,0.3383222164189776,0.0,1.0
t025_stroke_length,0.00021882425582381494,1.1963037484020334,0.6264409794711634,0.0,2.5370535850524902
t054_ax,0.0002172193715481543,-13.333041457728063,977.5217734324782,-9854.0712890625,6558.64208984375
t017_x_max,0.00021667874803219536,0.5420504946183725,0.3383222159131552,0.0,1.0
t036_vx,0.00021641497972643882,-0.6192138659554041,6.3911062189848895,-72.7272720336914,48.49727249145508
t025_vx,0.0002152715255094735,0.22391241772821904,4.991187433636902,-36.48648834228516,55.14706039428711
t035_stroke_length,0.00021495097461562268,1.5953736972338557,0.6029221577934821,0.0,3.5465924739837646
t001_stroke_progress,0.00021441055708480795,0.00640422199219202,0.04689137087163871,0.0,1.308788180351257
t034_ay,0.00021108674125620405,-11.76884379904236,500.6089161266003,-4496.24951171875,4778.97314453125
t009_vy,0.00021031297100469393,2.0464359250069672,4.980982984253867,-11.055269241333008,32.45984649658203
t008_y_mean,0.00020880979660228006,0.23544540908048486,0.27077509050572746,0.0,1.0
t034_vy,0.00020781649618186306,1.06873330585807,3.717324475822667,-2.9584877490997314,43.01075744628906
t020_ay,0.00020781462333508948,27.414462192187685,590.7396828892412,-4928.31005859375,4177.85693359375
t017_y_max,0.0002068757348510048,0.38866197860120716,0.3779903435605942,0.0,1.0
t017_stroke_progress,0.00020597880486982685,0.6593804299611019,0.535120150925634,0.0,2.453536033630371
t004_vx,0.00020269451783665,0.1983372151017916,2.635288420571253,-24.399991989135746,40.49381256103516
t022_y_std,0.0002020341425042767,1.6389143805342367e-08,2.825658512100816e-08,0.0,1.788139343261719e-07
t033_vy,0.00020070672085315713,1.1975265527587005,3.6514131916517605,-5.133475303649902,35.96999740600586
t021_stroke_length,0.00020012288111285754,0.9596722335168407,0.6322175337850018,0.0,2.4991390705108643
t011_stroke_length,0.00019692755995982228,0.2959046547723241,0.33488007461039104,0.0,2.418678998947144
t044_delta_s,0.00019580266297893024,0.015133864511327545,0.01816738368900973,0.0010000000474974,0.4359999895095825
t020_vy,0.00019504768687224905,1.4558495876994764,4.201527226889693,-6.625576972961426,29.256755828857425
t013_delta_s,0.00019493636991950818,0.018513147446393655,0.046405239087029794,0.0010000000474974,0.5289999842643738
t057_vy,0.00019488161832342156,1.4577028694702856,5.295056347938072,-4.664053440093994,63.94389343261719
t032_delta_s,0.00019476018713635737,0.014627888399376619,0.02174594509855906,0.0010000000474974,0.5149999856948853
t012_y_max,0.00019326754345613527,0.3300845178487002,0.34283139945041996,0.0,1.0
t045_vy,0.0001931360578376548,0.9446542404059087,4.812284203465266,-6.541429996490479,58.82352828979492
t022_ay,0.00019292350051226963,5.476789253321952,525.7344215671538,-3750.1845703125,3147.624267578125
t026_ax,0.00019210725754117188,-14.660680451294986,582.3617596072346,-5000.00048828125,5862.068359375
t047_ay,0.00019177171888862696,22.377977922990503,605.7786219337503,-7588.69287109375,8610.8583984375
t022_vy,0.00019005130999580992,1.123630951980581,3.730932464303502,-6.039999485015869,30.16529083251953
t013_cumulative_distance,0.00018964842648472492,0.39964207616614045,0.38974184527075,0.0,2.418678998947144
t023_delta_s,0.00018955465844548825,0.036863744999022285,0.08758813173909862,0.0010000000474974,0.7990000247955322
t017_stroke_length,0.00018895178029584972,0.6593804299611019,0.535120150925634,0.0,2.453536033630371
t041_ax,0.00018746442804911152,23.07735586420159,902.5601856701783,-5486.9697265625,7326.0078125
t023_ax,0.00018622378764435486,-34.91500936438,712.436783694376,-7142.85693359375,7280.78515625
t025_vy,0.0001853512985137199,1.323255325250237,4.157919059229636,-4.464285850524902,34.2443733215332
t018_vy,0.00018482990174571056,1.4528588115305676,4.114887879836411,-10.055303573608398,28.15485572814941
t054_delta_s,0.000184778698299733,0.016517131460414954,0.017998347033361475,0.0010000000474974,0.1280000060796737
t052_vy,0.0001832342098658866,0.45715418252438417,2.4608839217740606,-9.803916931152344,45.59539413452149
t054_vy,0.0001830515470212267,0.6792418144791943,2.831571774121109,-5.128207206726074,38.91992950439453
t002_delta_s,0.0001828212040472462,0.007822310778431079,0.01695522314828609,0.0010000000474974,0.5950000286102295
t037_vy,0.00018277152990679022,1.1377617641555513,3.614011998800756,-3.659863233566284,47.34539794921875
t012_vx,0.0001827178424597289,0.023873492155995026,5.265565757494229,-72.16072082519531,45.19573211669922
t057_delta_s,0.00018256274324355494,0.01689561753695181,0.01865743669627806,0.0010000000474974,0.1099999994039535
t002_vx,0.0001807442638870736,0.07353229812852885,2.276819389132116,-29.326732635498047,63.24786758422852
t012_ax,0.00018046364565335786,-5.296136399070753,683.1091523432325,-8017.859375,5261.619140625
t024_stroke_length,0.00017964792286251672,1.1382473200295404,0.6313554624554882,0.0,2.5370535850524902
t049_ay,0.0001792636535034905,-14.808709601821793,398.98874997349117,-4454.3427734375,4054.96240234375
t055_vx,0.00017897971146963143,-3.4097092657969257,7.804888952043313,-66.66666412353516,45.26749038696289
t055_ay,0.00017866116697836857,4.749680154655817,450.7801496312439,-3957.78369140625,6094.85791015625
t008_ay,0.00017786683110728612,-5.925663116854312,839.9824435551558,-13957.8916015625,4721.4365234375
t003_stroke_progress,0.00017361672997182886,0.02229738109040568,0.0713443091851602,0.0,1.308788180351257
t056_vy,0.000173322130197477,0.9525984456115022,4.353121113927447,-4.23813009262085,63.17204284667969
t009_stroke_progress,0.00017224312145690477,0.19399738078503348,0.2508704723225323,0.0,2.303417444229126
t013_ax,0.00017212593789318032,5.160927513852653,765.9809925325491,-7294.876953125,10878.9833984375
t016_y_mean,0.00016985095736100417,0.3898050212535072,0.37828647021813094,0.0,1.0
t053_vx,0.0001691679376467512,-2.561676966140344,6.244706903621452,-56.33802795410156,47.35883331298828
t009_stroke_length,0.00016838473792794904,0.19399738078503348,0.2508704723225323,0.0,2.303417444229126
t045_delta_s,0.00016833762727292591,0.014865338642602798,0.01387498992758718,0.0020000000949949,0.1080000028014183
t056_vx,0.00016830138418074387,-3.8743688521349986,9.167103222737042,-71.28205108642578,50.0
t021_x_max,0.00016809494731397654,0.5820746150468866,0.3390490130251848,0.0,1.0
t055_ax,0.00016692685181595555,-68.05655587141746,1079.2922061366098,-6697.65576171875,6270.7734375
t003_ay,0.0001662191193844717,47.942332051252855,552.626366007746,-2429.632080078125,17011.494140625
t051_x_std,0.00016616733689618326,2.7919640816540356e-08,3.235081585538036e-08,0.0,1.788139343261719e-07
t030_ax,0.00016548006931277196,47.749629213887005,867.7178022148524,-7884.974609375,7919.869140625
t019_cumulative_distance,0.00016431383739789646,0.808735140059826,0.5928477795102264,0.0,2.499138832092285
t032_vy,0.00016419334292018856,1.3764538180594879,4.241264251100844,-8.403361320495605,38.04347610473633
t006_cumulative_distance,0.00016332009639150974,0.07994030684048906,0.14671609611325173,0.0,1.7340171337127686
t011_vy,0.00016281414453840333,2.4456843233852887,5.246035816982354,-9.915895462036133,40.87882614135742
t054_ay,0.0001623859570587531,8.06935370150271,402.5963032062369,-3353.28857421875,3957.78271484375
t048_ax,0.00015994894268131423,-35.960900172124546,821.1764541533793,-6734.0068359375,6172.837890625
t056_ax,0.0001597975031668749,-34.59729565786112,1273.8982409156336,-7128.2041015625,6250.0
t003_stroke_length,0.00015966191869542742,0.02229738109040568,0.0713443091851602,0.0,1.308788180351257
t022_stroke_progress,0.00015947269910134116,1.021839201890869,0.6358663279700707,0.0,2.5370535850524902
t044_ax,0.00015914677553858863,-4.490945323268281,1031.2864120811387,-9259.259765625,18398.267578125
t017_vx,0.00015887590591687247,-0.5052284207872619,5.641219835613561,-111.11111450195312,77.12418365478516
t016_x_mean,0.00015748551327531614,0.5402501704598002,0.3366261136774551,0.0,1.0
t021_vy,0.00015706049961228627,1.1486031565445531,4.34268640620469,-20.31602668762207,48.75239944458008
t016_vy,0.00015670714598348283,2.0417520657246904,4.852834744402376,-14.460671424865724,38.82657623291016
t058_ay,0.00015653508239478868,-84.08542295634098,619.5744169606137,-7104.876953125,4663.923828125
t052_ay,0.0001559637281683569,-29.041434417401877,478.5453052370843,-7287.1572265625,5066.154296875
t036_ax,0.0001555746070423827,13.792654345931284,978.0225530463399,-8482.6767578125,6062.1591796875
t016_x_max,0.00015542867538173864,0.5402501728122245,0.33662611578203766,0.0,1.0
t037_ay,0.00015540804523057108,17.60538030957114,522.7814641412423,-4391.33984375,7890.9013671875
t019_ax,0.0001552009528029483,-17.31299905895484,618.8811083263535,-5337.41748046875,6304.17626953125
t003_vy,0.0001541745802726162,0.6738302758591724,3.3404201216202263,-10.621126174926758,85.05746459960938
t002_ax,0.00015396782941579467,-2.7699989254280664,310.96987921641545,-4318.89013671875,6324.78662109375
t036_vy,0.00015256638308222792,0.9568044969737979,3.3193283432183027,-2.288329601287842,39.52205657958984
t007_stroke_progress,0.00015233419407247186,0.11465127343736754,0.1915575563844507,0.0,2.303417444229126
t009_y_max,0.00015188578948906065,0.25851844328899026,0.28896839825580006,0.0,1.0
t056_delta_s,0.00015172774929188333,0.016360159377767795,0.01804109283867696,0.0010000000474974,0.1110000014305114
t043_ax,0.00015160759599777717,12.351659594895779,1108.8963824118312,-15769.9423828125,8443.67578125
t020_x_min,0.00015158769098744146,0.5693429565461597,0.338348849274556,0.0,1.0
t007_vx,0.0001514660193871371,0.5155212170810458,3.9444371869120305,-25.205245971679688,31.690954208374023
t016_x_min,0.0001513727532596559,0.5402501728122245,0.33662611578203766,0.0,1.0
t021_delta_s,0.00015124184183114853,0.04292988045506575,0.09579471941880438,0.0010000000474974,0.7250000238418579
t036_ay,0.00015105524525946853,-23.20004981717463,550.0578124059351,-4617.06787109375,4940.25732421875
t054_y_std,0.00014959572591717883,3.263385840264924e-08,4.5818929286791455e-08,0.0,1.788139343261719e-07
t009_ay,0.00014753527851062357,-16.359799270107835,746.9154779428475,-5655.7041015625,4246.6689453125
t058_delta_s,0.00014656517669109568,0.0157609561937805,0.01768279539312546,0.0010000000474974,0.1319999992847442
t041_delta_s,0.00014645258735324667,0.015105976106550692,0.01910323898351619,0.0010000000474974,0.4860000014305115
t018_stroke_progress,0.00014573542287938082,0.7258574135661071,0.5622057060142147,0.0,2.499138832092285
t012_vy,0.0001455566819941565,2.3697419757872176,5.474902318157114,-16.58188819885254,37.97101593017578
t048_ay,0.00014379243929446006,-19.64381304829935,554.9174792410381,-8610.8583984375,5567.9267578125
t005_stroke_length,0.00014356359592043453,0.05349019916328638,0.11384736994914064,0.0,1.308788180351257
t004_cumulative_distance,0.00014347968359168273,0.03718781725725726,0.09581820046889776,0.0,1.308788180351257
t018_x_min,0.0001433753892153956,0.5486919880510712,0.3369767474422466,0.0,1.0
t019_stroke_length,0.0001427633590698098,0.808735140059826,0.5928477795102264,0.0,2.499138832092285
t057_ax,0.0001427500355306481,-110.49001410346348,1642.3609752227485,-12653.650390625,9876.54296875
t022_cumulative_distance,0.00014236045782741914,1.021839201890869,0.6358663279700707,0.0,2.5370535850524902
t018_x_max,0.0001421235415161374,0.5486919880510712,0.3369767474422466,0.0,1.0
t024_delta_s,0.000141098217343224,0.030372111639935494,0.0695868836322953,0.0020000000949949,0.6449999809265137
t001_cumulative_distance,0.0001410497476177861,0.00640422199219202,0.04689137087163871,0.0,1.308788180351257
t005_vx,0.00014037843051922002,0.5342990372203168,4.57732844726418,-23.22404289245605,100.0
t017_ax,0.00013993973235521697,-21.451574062308467,730.9426625928126,-12345.6787109375,8569.353515625
t020_stroke_progress,0.0001394477824240135,0.8864221027306528,0.6167799231040512,0.0,2.4991390705108643
t055_x_std,0.00013938392903877278,2.062712532590585e-08,2.6901818595353558e-08,0.0,1.788139343261719e-07
t018_cumulative_distance,0.0001379183697693752,0.7258574135661071,0.5622057060142147,0.0,2.499138832092285
t014_stroke_length,0.00013751483029423868,0.44750248469841825,0.4054871802262888,0.0,2.418678998947144
t029_stroke_length,0.00013736204442623816,1.3439017261296777,0.6119441274473277,0.0,3.323843479156494
t004_y_min,0.00013718502260301664,0.17106180823662234,0.21496122623028727,0.0,1.0
t011_stroke_progress,0.00013631454565329046,0.2959046547723241,0.33488007461039104,0.0,2.418678998947144
t009_vx,0.00013523644593997823,0.4134221422771664,4.6075646961794705,-72.7272720336914,45.45454788208008
t014_cumulative_distance,0.00013384721465976772,0.44750248469841825,0.4054871802262888,0.0,2.418678998947144
t009_ax,0.00013340260887734518,-24.43637933584911,593.7223877815745,-6611.5703125,4132.23193359375
t005_cumulative_distance,0.0001329845720204273,0.05349019916328638,0.11384736994914064,0.0,1.308788180351257
t016_ay,0.00013286263481174804,-19.25933431147564,791.9863205771871,-13411.6923828125,4314.06396484375
t016_stroke_length,0.00013281665757532005,0.5777318079097379,0.48603167913099377,0.0,2.418678998947144
t056_ay,0.00013242310031147647,26.495268397000974,564.99364510762,-5417.65185546875,7019.11572265625
t012_stroke_progress,0.0001321049843685207,0.3441063596272933,0.35241031909380277,0.0,2.418678998947144
t004_ay,0.0001318898694979693,-8.354719851234732,504.7267975998441,-12151.06640625,3640.14599609375
t051_y_std,0.00013136823159315682,3.407082234720785e-08,4.4252190006123915e-08,0.0,1.788139343261719e-07
t002_x_std,0.00013134023303502056,2.4519014762217305e-08,3.4335126417464294e-08,0.0,1.788139343261719e-07
t051_delta_s,0.000131106513460378,0.015630278859632526,0.015908040470852217,0.0010000000474974,0.101000003516674
t015_stroke_progress,0.00013099138826053888,0.5072083705816546,0.4423963478397366,0.0,2.418678998947144
t014_x_mean,0.0001308605984651123,0.5387524474271206,0.33835345933749783,0.0,1.0
t009_cumulative_distance,0.00013076231830827403,0.19399738078503348,0.2508704723225323,0.0,2.303417444229126
t046_ay,0.00013063115343357035,-26.613616779215626,638.1147002923743,-6256.9912109375,8672.7919921875
t004_stroke_length,0.0001305633237003976,0.03718781725725726,0.09581820046889776,0.0,1.308788180351257
t015_vx,0.0001299620728064728,-0.25736131008182445,4.934431389001787,-61.08202362060547,40.0
t034_x_std,0.000129350032199314,3.486522937200934e-08,3.7339634486814794e-08,0.0,1.788139343261719e-07
t034_ax,0.00012925862879500883,-33.939602042827886,902.5084316191284,-8561.6435546875,8818.341796875
t047_ax,0.0001284596380222129,-12.317522918279476,860.8597472817373,-9091.779296875,8230.4521484375
t046_delta_s,0.00012801569151780568,0.014511553818764367,0.013339260663448227,0.0010000000474974,0.0890000015497207
t042_ay,0.00012787715683958378,-11.28990870081856,531.1866017381374,-5151.41162109375,4869.87744140625
t057_vx,0.00012775756940542753,-5.011038079727972,12.387755560210834,-75.92190551757812,88.88888549804688
t003_vx,0.00012625999192025647,0.03299609956034933,3.005862013758856,-68.08511352539062,45.58404922485352
t043_delta_s,0.00012623187672806068,0.015337848597469577,0.021254791157046714,0.0020000000949949,0.5789999961853027
t057_ay,0.00012602388835057063,59.05710969895609,748.0417157787415,-7019.11572265625,7992.9853515625
t019_stroke_progress,0.00012565442746801362,0.808735140059826,0.5928477795102264,0.0,2.499138832092285
t038_y_std,0.00012460832675432272,2.7500823941601223e-08,3.521253892391295e-08,0.0,1.788139343261719e-07
t035_vy,0.00012379247714131245,1.3148426760233385,4.309893226115406,-2.4691357612609863,46.17067337036133
t023_y_std,0.00012291707175042424,1.7191806578066245e-08,2.9116289735622727e-08,0.0,1.788139343261719e-07
t016_ax,0.0001217896163103048,1.458618029709014,676.116209294569,-7962.529296875,5963.58984375
t050_ay,0.00012148388820186992,25.906107706800334,395.8337579899464,-3649.46533203125,4059.325927734375
t042_delta_s,0.00012130552372461107,0.015322709143851872,0.023901416833902366,0.0010000000474974,0.7009999752044678
t012_ay,0.00012119081823042054,-32.08167198934255,814.1962579815569,-5845.3583984375,3992.702392578125
t031_ax,0.00012097159412149579,-72.0025396425697,815.6972169103483,-7127.8828125,6132.75634765625
t039_ay,0.00012084025877581573,-19.918582405099674,500.8054911067821,-6076.6962890625,5929.2041015625
t049_delta_s,0.00012064496638057602,0.014777689220001541,0.014882982622429838,0.0010000000474974,0.1000000014901161
t015_stroke_length,0.00012040311593634981,0.5072083705816546,0.4423963478397366,0.0,2.418678998947144
t016_cumulative_distance,0.00011969254859685519,0.5777318079097379,0.48603167913099377,0.0,2.418678998947144
t006_stroke_progress,0.00011943442800979718,0.07994030684048906,0.14671609611325173,0.0,1.7340171337127686
t032_ax,0.00011937670087402194,49.37824225298776,835.961646330838,-10000.0,6457.73974609375
t040_delta_s,0.0001190051521606198,0.01471792830068955,0.013650576414943735,0.0020000000949949,0.0930000022053718
t008_x_std,0.00011867871287076881,2.7355652643864847e-08,3.577263221786214e-08,0.0,1.788139343261719e-07
t010_ax,0.00011833145520584443,-31.86015560629043,697.7453049679071,-10422.859375,7135.1845703125
t008_cumulative_distance,0.00011813852421178249,0.15494422867164487,0.22162388801505392,0.0,2.303417444229126
t014_stroke_progress,0.0001178253117368075,0.44750248469841825,0.4054871802262888,0.0,2.418678998947144
t033_delta_s,0.00011752194958278564,0.015211155355176973,0.027815796693359797,0.0020000000949949,0.4670000076293945
t003_ax,0.00011741229004520262,-6.214752420498244,487.0862327024413,-13617.0224609375,5064.89453125
t022_x_std,0.00011677019782657613,2.670261370708268e-08,3.568162359560239e-08,0.0,1.788139343261719e-07
t017_x_min,0.00011644190785540384,0.5420504946183725,0.3383222159131552,0.0,1.0
t010_stroke_progress,0.00011626898730924286,0.23855659938262,0.2790769093852314,0.0,2.303417444229126
t010_stroke_length,0.00011576098772874801,0.23855659938262,0.2790769093852314,0.0,2.303417444229126
t003_x_std,0.00011551844455236678,2.6320437511124933e-08,3.566542432727485e-08,0.0,1.788139343261719e-07
t010_vy,0.00011549828948628253,2.012760480708873,4.9925630709871065,-10.265363693237305,38.82658386230469
t012_stroke_length,0.00011545020495960526,0.3441063596272933,0.35241031909380277,0.0,2.418678998947144
t007_ax,0.00011538072811837787,-25.9722089430591,569.1610818486469,-9318.0478515625,3570.744384765625
t001_stroke_length,0.00011506221615645767,0.00640422199219202,0.04689137087163871,0.0,1.308788180351257
t028_y_std,0.0001142241111630407,1.93476699203609e-08,2.8777910708045262e-08,0.0,1.1920928955078125e-07
t025_ax,0.00011419187361001108,12.817164552624993,626.5764676582695,-6416.27587890625,5760.12060546875
t015_cumulative_distance,0.00011381298229982757,0.5072083705816546,0.4423963478397366,0.0,2.418678998947144
t019_x_min,0.00011350150916405106,0.5563613837466119,0.335676695370889,0.0,1.0
t017_x_std,0.00011340781621159353,2.881274577156006e-08,3.677460303439845e-08,0.0,1.788139343261719e-07
t035_ay,0.0001128021523878576,29.754419612651088,558.5316936958548,-4778.97265625,4686.96044921875
t029_delta_s,0.0001126367853276939,0.01852111552092446,0.04603030341922141,0.0020000000949949,0.5370000004768372
t055_delta_s,0.00011220296153179424,0.016293227114803688,0.01777351975568664,0.0010000000474974,0.1340000033378601
t056_y_std,0.00011188227059808266,2.9011254766547823e-08,4.439963057531208e-08,0.0,1.788139343261719e-07
t038_delta_s,0.00011135849506971945,0.014982470116147586,0.020287676109209403,0.0010000000474974,0.4930000007152557
t027_delta_s,0.00011111947539457485,0.020250996035074704,0.05211851611607115,0.0020000000949949,0.9190000295639038
t013_x_min,0.00011060212877678032,0.5420324045185193,0.34061204672783557,0.0,1.0
t010_vx,0.00010970583879334257,0.3064424979718325,4.741553221874314,-49.510650634765625,49.94629287719727
t002_stroke_length,0.00010954749833329698,0.011168395167745976,0.056609399530498185,0.0,1.308788180351257
t015_y_std,0.00010924335385408474,1.979060471057892e-08,3.162627941315803e-08,0.0,1.788139343261719e-07
t024_ax,0.00010907579353214744,27.478693255699035,752.1841700687656,-7280.78515625,7129.19482421875
t018_delta_s,0.00010835567816885021,0.035353784896321995,0.08376974884583635,0.0010000000474974,1.3380000591278076
t006_vy,0.00010830317387286823,1.3403624659832118,4.463130799272192,-39.520957946777344,32.8993034362793
t016_delta_s,0.00010818131635526584,0.028300398376128365,0.06706893632202367,0.0010000000474974,0.6859999895095825
t053_vy,0.0001067487242549171,0.6116243337620942,2.8175769145126655,-5.44217586517334,36.886173248291016
t048_x_std,0.00010619640618842693,2.9312543185108687e-08,3.4926095825093694e-08,0.0,1.788139343261719e-07
t023_vx,0.00010571171419995747,-0.09970908940418317,5.996610345838035,-63.93442535400391,65.52706909179688
t034_delta_s,0.0001056572360220159,0.015337848604612184,0.02483012062916488,0.0010000000474974,0.4560000002384186
t033_ay,0.00010460421573913996,-13.010753051692852,569.5270882856192,-4227.05322265625,5138.57080078125
t017_vy,0.00010435380650113056,1.924935281606213,4.638397823883986,-10.485954284667969,33.54297637939453
t012_cumulative_distance,0.00010351470742851022,0.3441063596272933,0.35241031909380277,0.0,2.418678998947144
t009_delta_s,0.00010309575066291734,0.012204780867805593,0.022085855010484767,0.0010000000474974,0.4189999997615814
t005_stroke_progress,0.00010279693166477099,0.05349019916328638,0.11384736994914064,0.0,1.308788180351257
t033_ax,0.00010105794544680401,-0.9537293629799133,972.7800648075604,-5909.45556640625,9784.7353515625
t053_x_std,0.0001006602645149504,2.44429505678762e-08,2.950643150106027e-08,0.0,1.788139343261719e-07
t006_stroke_length,0.00010032761001829051,0.07994030684048906,0.14671609611325173,0.0,1.7340171337127686
t050_x_std,0.00010028976302266275,2.9458734856183786e-08,3.351092076755394e-08,0.0,1.788139343261719e-07
t044_ay,9.998792490472628e-05,-52.32155387367109,605.7230907276978,-8619.9677734375,3238.43115234375
t006_y_max,9.990870464961384e-05,0.19508298712094274,0.23552609541730166,0.0,1.0
t057_x_std,9.964622718021744e-05,1.23476305330892e-08,2.1201050152433034e-08,0.0,1.1920928955078125e-07
t010_delta_s,9.936029885475565e-05,0.0134215139308981,0.023221731309541457,0.0010000000474974,0.3479999899864197
t035_delta_s,9.830975376785809e-05,0.015887649442102587,0.035356119833850355,0.0020000000949949,0.9470000267028807
t039_vy,9.803964865626617e-05,0.7406757085936664,3.356821844955142,-2.5960543155670166,59.29204177856445
t051_ax,9.769438068298334e-05,-37.7593971626673,950.6863030121906,-9989.75390625,5867.91455078125
t011_ay,9.722741803141223e-05,8.950624934450317,862.2747377788229,-9881.5966796875,4087.882080078125
t039_vx,9.667161875864752e-05,-0.4299475065055788,6.541087124921577,-75.0,77.41934967041016
t023_vy,9.656974720914883e-05,1.3715807639679132,4.858036500933929,-4.926108360290527,63.561641693115234
t046_ax,9.656095927686767e-05,-26.299075642969637,889.3923419741914,-7093.42529296875,9091.779296875
t027_y_std,9.492540447897075e-05,1.9636621097644486e-08,2.9298419817470525e-08,0.0,1.1920928955078125e-07
t051_ay,9.490563508239898e-05,22.21693207624788,545.5771318059325,-3869.923095703125,8198.0517578125
t019_vy,9.486962714878287e-05,1.4855505606313262,4.182700133253888,-9.218107223510742,37.55556106567383
t008_stroke_length,9.479969734052575e-05,0.15494422867164487,0.22162388801505392,0.0,2.303417444229126
t053_delta_s,9.463098895324371e-05,0.016386454206412666,0.017262528135130403,0.0020000000949949,0.1190000027418136
t010_cumulative_distance,9.430667670443073e-05,0.23855659938262,0.2790769093852314,0.0,2.303417444229126
t019_ay,9.399952882563063e-05,13.323296149050739,590.619996843484,-3923.1630859375,4172.84033203125
t054_x_std,9.366917981686714e-05,2.2890498913616773e-08,2.8753296651207577e-08,0.0,1.788139343261719e-07
t055_vy,9.326259985781428e-05,0.6646073611834117,3.0852637166918955,-6.535940647125244,48.75886535644531
t007_cumulative_distance,9.270125133807983e-05,0.11465127343736754,0.1915575563844507,0.0,2.303417444229126
t008_vy,9.232707792069382e-05,2.0270521845252696,5.018580277919167,-17.03703498840332,33.05005645751953
t015_ay,9.229354117272269e-05,-25.873344800726727,824.7889007721498,-12318.5703125,5747.8701171875
t011_y_std,9.223572634793965e-05,1.855511811981163e-08,2.855996872563001e-08,0.0,1.1920928955078125e-07
t013_vx,9.173046054763218e-05,0.05090014634186666,4.746155605959267,-58.3590202331543,37.82505798339844
t037_y_std,9.145307203387749e-05,2.7783931162490314e-08,3.5599170649532566e-08,0.0,1.788139343261719e-07
t036_delta_s,9.101819257857048e-05,0.014519521888564351,0.021180911233248778,0.0010000000474974,0.4839999973773956
t041_y_std,9.031121012165781e-05,2.9286199000727134e-08,3.656427688943793e-08,0.0,1.788139343261719e-07
t019_x_std,9.02083348872581e-05,2.850848899419564e-08,3.624355413031274e-08,0.0,1.788139343261719e-07
t007_vy,8.982480652869612e-05,1.6083052379488023,4.421104953124083,-15.497832298278809,28.470823287963867
t028_delta_s,8.979865802932265e-05,0.0200286852357263,0.05469769730312761,0.0010000000474974,0.8420000076293945
t050_ax,8.904466342970487e-05,-46.9704652331714,813.070204256836,-5582.5244140625,4347.06982421875
t006_ay,8.825665837460962e-05,38.4324875995694,526.6761628361024,-3952.09521484375,3338.616455078125
t039_delta_s,8.82179089041044e-05,0.014994422327244676,0.019964301596865013,0.0020000000949949,0.4280000030994415
t035_ax,8.795843856115416e-05,-6.96508659862013,1029.241033876778,-8818.341796875,9425.1943359375
t007_ay,8.699571365189216e-05,12.42548011020699,634.877023375571,-2948.531494140625,4040.543701171875
t032_x_std,8.681710958770217e-05,3.365228375590655e-08,3.821198008295217e-08,0.0,1.788139343261719e-07
t006_y_min,8.601318514015209e-05,0.19508298712094274,0.23552609541730166,0.0,1.0
t006_x_std,8.588827527224818e-05,2.781574825841592e-08,3.645570363668552e-08,0.0,1.788139343261719e-07
t011_x_std,8.580499337906417e-05,2.9460219035585562e-08,3.691389211037133e-08,0.0,1.788139343261719e-07
t045_ay,8.56379916507475e-05,51.37554531732567,585.9682595201193,-3238.431884765625,8342.654296875
t027_x_std,8.563241768267929e-05,2.7639501954454825e-08,3.683148807329438e-08,0.0,1.788139343261719e-07
t031_x_std,8.560738810716066e-05,3.341481505162213e-08,3.853868337538447e-08,0.0,1.788139343261719e-07
t005_vy,8.536624259359721e-05,0.7819052312867402,2.882962711380126,-10.80843734741211,25.82089233398437
t007_delta_s,8.510096610243196e-05,0.011823107584646721,0.027340471945733583,0.0010000000474974,0.6230000257492065
t039_ax,8.487613465736977e-05,44.16585005642139,958.3697975688351,-7500.0,7741.9345703125
t015_vy,8.471971524287963e-05,2.1311141447458235,4.891099197152726,-12.556431770324709,40.235084533691406
t043_ay,8.469886697996056e-05,34.852891985627515,647.9529448024805,-4174.18017578125,7652.876953125
t002_vy,8.399916200357079e-05,0.23869480497702955,1.6999151924819145,-1.3898093700408936,30.16143035888672
t042_ax,8.360084271186496e-05,27.711171394970915,963.9055099439228,-6997.0859375,4797.04833984375
t007_stroke_length,8.355843459510285e-05,0.11465127343736754,0.1915575563844507,0.0,2.303417444229126
t018_ay,8.301933377434342e-05,-25.371596135322257,617.6213787964518,-3170.275146484375,3629.72021484375
t010_x_std,8.182491658893582e-05,2.83385504526921e-08,3.690796480822761e-08,0.0,1.788139343261719e-07
t036_y_std,8.163218477829826e-05,2.7844040428262307e-08,3.621404095715839e-08,0.0,1.788139343261719e-07
t018_ax,8.088405376854671e-05,35.231579862933465,681.0048249635661,-7011.28955078125,11111.111328125
t008_stroke_progress,7.959180084633717e-05,0.15494422867164487,0.22162388801505392,0.0,2.303417444229126
t011_ax,7.95274370986506e-05,-34.96169808827488,713.937159095561,-7234.72607421875,6084.021484375
t038_vx,7.885560319758243e-05,-0.6962415218722515,6.997167871396937,-56.00722503662109,59.420291900634766
t015_ax,7.863934746107757e-05,-10.712172132932974,683.7825760876599,-8726.00390625,5862.73486328125
t052_delta_s,7.845668195675307e-05,0.015640637421038002,0.01615433259425116,0.0020000000949949,0.0939999967813491
t005_ax,7.83042717413604e-05,33.405789970648364,532.2967974469692,-3225.806640625,10000.0
t001_x_std,7.779871549428249e-05,2.3993615253988017e-08,3.3915235673502533e-08,0.0,1.788139343261719e-07
t047_delta_s,7.760072899768755e-05,0.014866932252314332,0.01409974656642875,0.0010000000474974,0.0920000001788139
t037_delta_s,7.750167749363018e-05,0.014472509946755693,0.015030293547762828,0.0020000000949949,0.3389999866485595
t004_delta_s,7.703152372940116e-05,0.009394422283885859,0.007072069407085748,0.0010000000474974,0.2240000069141388
t011_delta_s,7.694672940840398e-05,0.01624541831930049,0.042078232790436536,0.0010000000474974,0.6589999794960022
t004_ax,7.611454491956948e-05,10.971616549924839,457.7559566163765,-5192.087890625,9726.4443359375
t003_cumulative_distance,7.559113020899269e-05,0.02229738109040568,0.0713443091851602,0.0,1.308788180351257
t014_ax,7.545810422550436e-05,-30.370644647503187,671.5148179980762,-6514.14697265625,5835.9013671875
t023_x_std,7.429130371974979e-05,2.6757528344948452e-08,3.4974246339526346e-08,0.0,1.788139343261719e-07
t005_ay,7.41074658439911e-05,-5.941085893032491,406.24722698801787,-3252.02978515625,2582.08935546875
t018_x_std,7.383903039572041e-05,2.827547282811655e-08,3.6456432383643004e-08,0.0,1.788139343261719e-07
t045_ax,7.316870935875049e-05,40.70123778982798,878.4857413318106,-5599.40625,8866.78125
t052_x_std,7.160347071620683e-05,2.5826205770332974e-08,3.023441263862002e-08,0.0,1.788139343261719e-07
t028_ax,7.113841554102368e-05,11.75656741541334,779.9489063841376,-7874.015625,7129.19580078125
t050_delta_s,7.079494238810366e-05,0.015693227103373286,0.01600281313097309,0.0010000000474974,0.1049999967217445
t032_y_std,7.071293182432683e-05,2.3834715296785194e-08,3.2862656677677085e-08,0.0,1.788139343261719e-07
t001_vy,7.039419099807324e-05,0.45407912375318693,3.199088611207487,-3.246753215789795,67.50363159179688
t008_delta_s,7.012073646049789e-05,0.01187410353361977,0.020502461872369124,0.0010000000474974,0.3989999890327453
t012_delta_s,7.006610199150642e-05,0.017071713154775552,0.04544198604877362,0.0010000000474974,0.9929999709129332
t004_stroke_progress,6.990381007998799e-05,0.03718781725725726,0.09581820046889776,0.0,1.308788180351257
t025_y_std,6.968477409603298e-05,1.8721160690385507e-08,2.916508963576639e-08,0.0,1.1920928955078125e-07
t030_y_std,6.943207754581926e-05,2.1806862427893864e-08,3.150414760911245e-08,0.0,1.1920928955078125e-07
t059_delta_s,6.93678234500981e-05,0.013114740988573544,0.016378046702440658,0.0010000000474974,0.1140000000596046
t005_y_min,6.916064338295403e-05,0.1798620621355592,0.22190061137673464,0.0,1.0
t000_x_std,6.884489396633639e-05,2.325004137369741e-08,3.266055011777279e-08,0.0,1.788139343261719e-07
t026_delta_s,6.862220544736144e-05,0.02492509957716473,0.06573922038624486,0.0010000000474974,0.722000002861023
t005_x_std,6.854852460577836e-05,2.71597409628302e-08,3.6254198973227163e-08,0.0,1.788139343261719e-07
t033_y_std,6.849757226846787e-05,2.4512521477334527e-08,3.3744276386893935e-08,0.0,1.788139343261719e-07
t013_stroke_length,6.713355618876842e-05,0.39964207616614045,0.38974184527075,0.0,2.418678998947144
t046_y_std,6.642124647661487e-05,3.068559465417824e-08,4.1231577624441856e-08,0.0,1.788139343261719e-07
t024_x_std,6.632475082565402e-05,2.632006646627449e-08,3.5094685071815774e-08,0.0,1.788139343261719e-07
t014_y_std,6.574116314329743e-05,2.0380566022785537e-08,3.2416596588352005e-08,0.0,1.788139343261719e-07
t014_x_min,6.525470944803223e-05,0.5387524473536537,0.33835345895845564,0.0,1.0
t049_x_std,6.496439995559905e-05,2.8839089955941614e-08,3.3355337590834314e-08,0.0,1.788139343261719e-07
t009_y_min,6.481833854614454e-05,0.25851844328899026,0.28896839825580006,0.0,1.0
t029_x_std,6.374483013906277e-05,3.025611023978883e-08,3.6639761608465465e-08,0.0,1.788139343261719e-07
t022_delta_s,6.337537160922859e-05,0.040713147486771496,0.08939588482789926,0.0010000000474974,0.7789999842643738
t047_x_std,6.32652632933501e-05,2.960641070666066e-08,3.5100525092803294e-08,0.0,1.788139343261719e-07
t037_x_std,6.29966904967031e-05,3.460883738035225e-08,3.759215147879503e-08,0.0,1.788139343261719e-07
t029_y_std,6.188445998292858e-05,2.0347728553521205e-08,3.005120766978447e-08,0.0,1.788139343261719e-07
t013_vy,6.134044486203259e-05,2.291879604093185,5.0834621676442495,-11.85102367401123,40.36695861816406
t017_delta_s,6.113354221778693e-05,0.035523506074372,0.08403397560794919,0.0020000000949949,0.8830000162124634
t014_x_std,5.9578443374200904e-05,3.0060569603604624e-08,3.706414576386089e-08,0.0,1.788139343261719e-07
t039_x_std,5.928634896476951e-05,3.3575848516715e-08,3.718002694800273e-08,0.0,1.788139343261719e-07
t016_x_std,5.901406159541612e-05,2.9686556394356657e-08,3.7085666653039696e-08,0.0,1.788139343261719e-07
t010_ay,5.8631696575715296e-05,-30.710919579245097,833.937404503646,-15781.916015625,5546.65771484375
t046_x_std,5.845419895582163e-05,2.9131473298091812e-08,3.434141962609513e-08,0.0,1.788139343261719e-07
t013_y_std,5.798674062110132e-05,1.971342738168648e-08,3.107509221585891e-08,0.0,1.788139343261719e-07
t021_y_std,5.785195165659724e-05,1.677271141948928e-08,2.8491483869862896e-08,0.0,1.788139343261719e-07
t009_x_std,5.681933558966792e-05,2.7806101092304367e-08,3.6610847309839805e-08,0.0,1.788139343261719e-07
t039_y_std,5.655259607735394e-05,2.721363522735725e-08,3.4741632203611186e-08,0.0,1.788139343261719e-07
t049_y_std,5.65300224580615e-05,3.3286248010943134e-08,4.307527098701711e-08,0.0,1.788139343261719e-07
t007_x_std,5.641256312264277e-05,2.8036519944430348e-08,3.641302630534563e-08,0.0,1.788139343261719e-07
t041_x_std,5.615467570188558e-05,3.098669755031388e-08,3.773719864343023e-08,0.0,1.788139343261719e-07
t048_y_std,5.613167153057664e-05,3.051918103875392e-08,4.074875824478116e-08,0.0,1.788139343261719e-07
t015_x_std,5.6116707570138646e-05,2.896487416024227e-08,3.614479665723988e-08,0.0,1.788139343261719e-07
t001_ax,5.60411676938392e-05,16.092211239986383,358.1781333613325,-6661.908203125,7917.96484375
t017_ay,5.598807166484238e-05,-9.116763263941403,722.6900785813757,-8293.861328125,3726.997314453125
t000_y_std,5.57537485626373e-05,1.0630806010082899e-08,1.8556859925725015e-08,0.0,1.1920928955078125e-07
t043_x_std,5.562745152046284e-05,3.11581202712192e-08,3.7363558743628066e-08,0.0,1.788139343261719e-07
t030_delta_s,5.455615259071005e-05,0.0152143426251549,0.028002326251390056,0.0010000000474974,0.4900000095367431
t058_x_std,5.4423508156495775e-05,1.0387029543340919e-08,1.934750153372299e-08,0.0,1.1920928955078125e-07
t007_y_std,5.4038086316541066e-05,1.459467814738057e-08,2.468135788257028e-08,0.0,1.788139343261719e-07
t035_x_std,5.319729247727085e-05,3.4697517099608466e-08,3.740127276373245e-08,0.0,1.788139343261719e-07
t042_x_std,5.290059823770204e-05,3.086796319817167e-08,3.7092779249877015e-08,0.0,1.788139343261719e-07
t040_x_std,5.1832817862327654e-05,3.337400011807324e-08,3.794182070193793e-08,0.0,1.788139343261719e-07
t059_y_std,5.147898098664456e-05,9.820815101562742e-09,2.5133977999646656e-08,0.0,1.788139343261719e-07
t012_x_std,5.0887232853311105e-05,2.852592810216653e-08,3.598234473850298e-08,0.0,1.788139343261719e-07
t035_y_std,5.0691156638194656e-05,2.5989465504528516e-08,3.49570014072802e-08,0.0,1.788139343261719e-07
t055_y_std,5.0547424421568205e-05,3.232134587736244e-08,4.552335781129885e-08,0.0,1.788139343261719e-07
t015_delta_s,5.030172166801216e-05,0.022072509905616468,0.05585890440214807,0.0010000000474974,0.6110000014305115
t013_ay,4.9963132202800034e-05,-14.640009921453506,793.9423014014299,-6596.45361328125,4036.6962890625
t020_delta_s,4.965539191746347e-05,0.04090278887419968,0.08557348601367872,0.0020000000949949,0.7760000228881836
t011_cumulative_distance,4.803447766151728e-05,0.2959046547723241,0.33488007461039104,0.0,2.418678998947144
t019_delta_s,4.758712347963546e-05,0.0411992030998365,0.09097253258784431,0.0010000000474974,0.6859999895095825
t006_ax,4.757268767288942e-05,5.835667198678409,568.068336234562,-10000.0,6212.03271484375
t028_x_std,4.719606697559113e-05,2.8820166668568948e-08,3.624519920421285e-08,0.0,1.788139343261719e-07
t031_delta_s,4.661293567786407e-05,0.015701195200816108,0.03920112278356972,0.0020000000949949,0.968999981880188
t038_x_std,4.600352457962346e-05,3.408195369272118e-08,3.7856714745948374e-08,0.0,1.788139343261719e-07
t057_y_std,4.5942756695635555e-05,2.275247022925145e-08,4.0878444106688286e-08,0.0,1.788139343261719e-07
t001_y_std,4.4999995950192516e-05,1.1036358031618643e-08,1.8990299312751626e-08,0.0,1.1920928955078125e-07
t025_x_std,4.443686313545561e-05,2.728700934653263e-08,3.602428036786852e-08,0.0,1.788139343261719e-07
t033_x_std,4.396094671958491e-05,3.350794730908367e-08,3.6798231651720187e-08,0.0,1.788139343261719e-07
t014_delta_s,4.35286405146697e-05,0.01839601592600445,0.04477407558273787,0.0010000000474974,0.7229999899864197
t004_x_std,4.320215613488744e-05,2.7389788770105734e-08,3.715927230133021e-08,0.0,1.788139343261719e-07
t001_vx,4.2783440146514755e-05,0.1124031262198815,2.293814886206615,-39.9714469909668,47.507789611816406
t040_y_std,4.188545949003469e-05,2.835552575459993e-08,3.593977891116104e-08,0.0,1.788139343261719e-07
t017_y_std,4.1818729639394685e-05,1.9492748456884665e-08,2.964281909996238e-08,0.0,1.788139343261719e-07
t005_delta_s,4.006361381738281e-05,0.009609561737726927,0.010711777447400452,0.0010000000474974,0.3700000047683716
t013_x_std,3.9470178949745504e-05,3.072807928955413e-08,3.760923812092392e-08,0.0,1.788139343261719e-07
t004_vy,3.939345130298248e-05,0.720420153188536,2.5582390096271603,-8.580859184265137,22.23458671569824
t006_y_std,3.7629674112142357e-05,1.2990836781334591e-08,2.17236824354187e-08,0.0,1.1920928955078125e-07
t026_y_std,3.6945221231704484e-05,2.0073526409042784e-08,2.978428798449703e-08,0.0,1.1920928955078125e-07
t020_y_std,3.6886811558798366e-05,1.743280020842989e-08,2.9061129745684287e-08,0.0,1.788139343261719e-07
t018_y_std,3.6790007518096394e-05,1.832210195373254e-08,2.9132910353478427e-08,0.0,1.788139343261719e-07
t030_x_std,3.640863413275866e-05,3.213582345214023e-08,3.73843435238095e-08,0.0,1.788139343261719e-07
t021_x_std,3.410069188526967e-05,2.6526738447972028e-08,3.462047504939338e-08,0.0,1.788139343261719e-07
t036_x_std,3.345360985479407e-05,3.497802700654444e-08,3.8462787114493106e-08,0.0,1.788139343261719e-07
t009_y_std,3.267463486785242e-05,1.6161043983531664e-08,2.557327273440031e-08,0.0,1.1920928955078125e-07
t002_y_std,3.134707806427913e-05,1.0954171597245206e-08,1.923993094731641e-08,0.0,1.1920928955078125e-07
t001_ay,3.074224706658834e-05,59.30731591838041,471.9005077623104,-351.4947204589844,11250.60546875
t014_vy,3.0688527288849677e-05,2.200659547716945,4.771952983209107,-9.108945846557615,29.09566879272461
t031_y_std,2.9987994006874924e-05,2.182940340255836e-08,3.144731754503442e-08,0.0,1.788139343261719e-07
t019_y_std,2.906022447167973e-05,1.834900270538976e-08,2.9590935593588655e-08,0.0,1.788139343261719e-07
t010_y_std,2.8741826222084992e-05,1.7645779952584986e-08,2.7699176192768435e-08,0.0,1.1920928955078125e-07
t048_delta_s,2.815290520975699e-05,0.014953784847750739,0.015481102365164352,0.0020000000949949,0.1360000073909759
t012_y_std,2.812876554108777e-05,1.9775113588072863e-08,3.061514285638635e-08,0.0,1.788139343261719e-07
t016_y_std,2.56627262103041e-05,1.955526951418455e-08,3.0198997145930886e-08,0.0,1.788139343261719e-07
t002_ay,2.5637824477558195e-05,-17.023492290973063,321.6120869264574,-6136.6943359375,3016.143310546875
t043_y_std,2.521293501706203e-05,3.11272307874197e-08,4.013311940345585e-08,0.0,1.788139343261719e-07
t006_delta_s,2.497879799377744e-05,0.010393625473328987,0.014580020348774293,0.0010000000474974,0.414000004529953
t026_x_std,2.3657197135549618e-05,2.7061414077462427e-08,3.605548915572168e-08,0.0,1.788139343261719e-07
t004_y_std,2.359225233750964e-05,1.1039697435272642e-08,1.9393094819839094e-08,0.0,1.1920928955078125e-07
t044_y_std,1.8335164012532264e-05,3.1464603317686285e-08,4.1322354756801933e-08,0.0,1.788139343261719e-07
t020_x_std,1.739581795727228e-05,2.7593121348149272e-08,3.5691086687049314e-08,0.0,1.788139343261719e-07
t014_ay,1.7162440420768305e-05,-23.868898775902117,754.344572977137,-5837.1640625,4156.52294921875
t045_y_std,1.5023476340216491e-05,3.092232126876178e-08,4.2198213109139954e-08,0.0,1.788139343261719e-07
t003_y_std,1.4781752654235753e-05,1.0789427683647886e-08,1.8687004286495734e-08,0.0,1.1920928955078125e-07
t044_x_std,1.4355808390286008e-05,3.0414546390928594e-08,3.6444663362881774e-08,0.0,1.788139343261719e-07
t042_y_std,1.0924158375910011e-05,2.933471311492274e-08,3.7301284629926705e-08,0.0,1.788139343261719e-07
t045_x_std,4.832680600333271e-06,3.0212697992286836e-08,3.547503040826974e-08,0.0,1.788139343261719e-07
t005_y_std,0.0,1.1515376933542381e-08,2.0365183157886e-08,0.0,1.1920928955078125e-07
t000_delta_s,0.0,0.0010000000474973997,2.1692687677061506e-19,0.0010000000474974,0.0010000000474974
t024_y_std,0.0,1.7910427692164464e-08,2.930447172728812e-08,0.0,1.788139343261719e-07